e_id,Attrition,DailyRate,HourlyRate,PerformanceRating,StockOptionLevel
6368264,Yes,1102,94,3,0
6589733,No,279,61,4,1
6921082,Yes,1373,92,3,0
8516310,No,1392,56,3,0
2305936,No,591,40,3,1
2918357,No,1005,79,3,0
8546174,No,1324,81,4,3
9971859,No,1358,67,4,1
2020122,No,216,44,4,0
662896,No,1299,94,3,2
8189431,No,809,84,3,1
7964483,No,153,49,3,0
996013,No,670,31,3,1
5106803,No,1346,93,3,1
6819073,Yes,103,50,3,0
4103784,No,1389,51,3,1
2162265,No,334,80,3,2
9902858,No,1123,96,3,2
6379798,No,1219,78,3,0
5407456,No,371,45,3,0
1848406,No,673,96,3,1
4985316,Yes,1218,82,4,0
9810347,No,419,53,3,0
6699419,No,391,96,3,0
8773636,Yes,699,83,3,0
9227257,No,1282,58,3,1
3523449,Yes,1125,72,4,0
7649988,No,691,48,3,1
6811692,No,477,42,3,1
9361443,No,705,83,3,0
6763524,No,924,78,3,0
9801099,No,1459,41,3,0
7152955,No,125,83,3,0
2358008,Yes,895,56,3,1
279070,Yes,813,61,3,1
8385663,No,1273,72,3,2
3127401,Yes,869,86,3,0
1767066,No,890,97,3,0
4939494,No,852,82,3,1
6091242,No,1141,42,3,2
1557424,No,464,75,3,1
9560700,No,1240,33,3,1
9213141,Yes,1357,48,3,0
1212454,No,994,37,3,0
8798290,No,721,58,4,0
8233227,Yes,1360,49,3,0
7275990,No,1065,72,4,0
2697856,No,408,73,4,0
6964644,No,1211,98,4,0
9241285,No,1229,36,3,0
5947556,Yes,626,98,3,0
2030984,Yes,1434,50,3,0
469829,No,1488,75,4,1
7173071,No,1097,79,3,1
7589222,No,1443,47,3,1
6900384,No,515,98,3,0
4173606,No,853,71,4,1
1206241,No,1142,30,3,1
6790591,No,655,48,4,1
3897856,No,1115,51,3,1
8557117,No,427,33,4,1
1798447,No,653,50,3,0
3800762,No,989,43,3,1
4546332,No,1435,99,3,0
3728552,No,1223,59,3,3
8197309,No,836,33,3,3
6182638,No,1195,95,3,0
6405065,No,1339,59,3,1
61098,No,664,79,3,1
5964230,Yes,318,79,3,1
8809335,No,1225,57,3,0
6800099,No,1328,76,4,1
2158981,No,1082,87,3,0
6672585,No,548,66,3,2
9839090,No,132,55,3,0
9314937,No,746,61,4,0
175686,No,776,32,3,0
9467532,No,193,52,3,0
9537384,No,397,30,3,0
3316062,No,945,80,4,1
4525703,No,852,55,3,2
6691084,No,1214,30,3,0
687317,No,111,70,3,1
7573194,No,573,79,3,3
97706,No,1153,94,3,0
9820200,No,1400,49,3,0
6107122,No,541,62,3,1
186418,No,432,96,4,2
8771157,No,288,99,3,3
9786719,Yes,669,64,3,0
5937024,No,530,78,4,1
9241598,No,632,71,4,0
2584255,No,1334,63,3,3
5358575,No,638,40,3,1
412361,No,1093,87,3,0
7921986,No,1217,60,3,1
451578,No,1353,33,4,1
9480738,No,120,43,3,0
9114424,No,682,37,3,0
9769062,No,489,67,3,1
9948082,Yes,807,63,4,0
2588608,No,827,71,3,0
4964841,Yes,871,66,3,0
225487,No,665,41,3,0
8719579,No,1040,100,3,1
5201973,No,1420,32,4,1
6061438,No,1115,73,3,0
5338319,Yes,240,46,3,0
9341302,No,1280,64,3,2
9078723,No,534,59,3,0
1939420,No,1456,30,4,0
7016582,Yes,658,66,4,0
5798060,No,142,30,3,0
9968623,No,1127,52,3,1
4187352,No,1031,45,3,1
2029494,No,1189,87,3,0
3041894,No,1354,45,3,0
1391845,No,1467,92,3,1
1544254,No,922,39,4,1
3110029,No,394,92,3,2
150215,No,1312,96,4,3
5138900,No,750,95,3,1
8370179,Yes,441,72,3,3
8245199,No,684,51,3,0
7215615,Yes,249,76,3,0
3143185,No,841,46,3,0
4208196,Yes,147,94,3,1
6095668,Yes,528,50,3,0
9890366,No,594,100,3,1
7887339,No,470,96,3,0
9374484,No,957,72,3,0
6170422,No,809,77,3,0
7410915,Yes,542,71,3,1
7034502,No,802,96,3,1
3686095,No,1355,61,4,1
494657,No,216,84,4,2
7292963,Yes,1150,53,3,0
9190993,No,1329,47,3,1
6914640,No,959,41,3,0
8886795,No,1240,48,3,0
5220898,Yes,1033,41,4,0
1013259,No,1316,83,3,0
947978,No,364,32,4,0
2929261,No,438,75,3,0
3035809,No,689,35,3,3
1346768,No,201,84,3,1
5566104,No,1427,35,3,0
9579370,No,857,91,3,1
5274663,No,933,94,4,1
486187,No,1181,79,3,0
1244223,No,1395,54,3,1
9198283,No,662,94,3,2
9042924,No,1436,34,4,1
2981578,No,194,60,3,1
4287683,No,967,43,3,0
5556794,No,1496,41,3,1
6049855,No,1169,34,3,0
3923626,No,1145,75,4,1
5102243,No,630,67,3,1
6022364,No,303,75,3,1
1892057,No,1256,80,4,2
173975,No,691,57,3,1
3893386,No,440,42,3,1
7474147,No,334,83,3,1
8555887,No,1450,79,3,1
3695535,No,1452,53,3,0
8946832,No,465,56,3,1
4503977,No,1339,41,3,1
728364,No,702,59,4,0
6664677,No,120,43,4,0
1955735,No,1157,51,3,1
8848012,Yes,602,100,4,0
1840114,No,1480,30,3,0
4938583,No,111,66,3,2
4689635,No,1268,30,3,1
6290229,No,713,67,3,1
4536035,No,134,90,3,0
5664384,Yes,303,47,4,0
8026954,No,526,92,4,3
3951099,No,1380,75,3,0
9608227,No,140,95,4,1
878760,No,629,95,3,0
2842095,Yes,1356,70,4,0
1722083,No,328,86,3,1
3902591,No,1084,57,3,2
1263379,No,931,72,3,1
3248975,No,989,46,3,1
1374100,No,692,61,3,0
7763532,No,1069,45,3,0
9779083,No,313,98,3,0
3930519,No,699,65,3,1
1916998,No,894,99,3,0
5898066,Yes,556,50,3,0
8591334,No,1344,37,3,3
5471640,No,1195,65,4,1
8094483,No,290,65,3,1
317479,No,138,37,3,0
9197033,No,926,36,3,1
7918133,No,1261,88,3,0
1566275,No,1084,54,3,1
4193226,No,472,60,3,1
4362508,No,1002,92,3,2
8436858,No,878,43,3,1
4185942,No,905,99,3,1
8980378,Yes,1180,70,3,0
5628651,Yes,121,35,4,3
8775457,No,1136,60,3,1
8159916,No,635,73,3,0
5011395,No,1151,63,3,1
549747,No,644,97,3,1
5505237,Yes,1045,32,3,0
6102768,No,829,88,4,0
3506862,No,1242,90,3,0
6476556,No,1469,81,3,2
1298335,Yes,1005,88,3,0
2553748,No,896,75,3,0
3053074,Yes,334,52,3,0
7779568,Yes,992,85,3,0
9911411,No,1052,57,3,0
40685,No,1147,52,3,1
2822848,No,1396,62,3,0
6263826,No,147,47,4,0
4044390,No,663,47,3,3
1451057,No,119,76,3,2
2736016,No,979,90,3,1
5769550,No,142,70,3,1
6015458,No,319,41,3,1
4300611,No,1413,42,3,1
4367366,No,944,92,3,0
9816654,Yes,896,86,3,0
3771402,No,1323,89,3,0
9617171,No,532,58,3,0
4250300,No,818,52,3,0
114874,No,854,68,3,1
7011851,Yes,813,58,3,1
2109277,No,1034,80,4,1
2125017,Yes,465,39,4,0
3206636,No,771,79,3,0
210830,No,1401,56,3,1
8421373,Yes,515,62,3,0
9062382,No,1431,96,3,3
1397052,No,976,100,3,0
7863859,No,1411,36,3,2
2616899,No,1300,62,3,2
5464794,No,252,70,3,1
5850062,No,1327,73,3,1
5578568,No,832,63,3,1
7522509,No,470,84,3,1
7096688,No,1017,83,3,1
6059522,No,1199,77,3,1
9351917,Yes,504,61,3,2
2292787,No,505,64,4,0
3386282,No,665,60,3,0
9287168,No,916,82,3,0
4962148,No,1247,45,3,1
175326,No,685,62,3,2
7275603,No,269,56,3,1
3181264,No,1416,49,3,1
4718349,No,833,96,3,0
5419724,Yes,307,71,3,0
4864395,No,1311,100,4,0
5205958,No,1327,39,3,1
7506117,No,128,84,3,0
4411793,No,488,75,3,1
3104620,Yes,529,79,3,0
7585833,No,1210,78,3,2
1541508,No,1463,64,4,1
2791356,No,675,85,3,2
5330719,No,1385,79,3,0
2179732,No,1403,47,3,1
9570073,No,452,81,3,0
9530407,Yes,666,88,3,1
8800172,No,1158,94,4,1
1544774,No,228,98,3,1
2632976,No,996,100,3,0
223408,No,728,80,3,2
9945477,No,1315,71,3,1
8414325,No,322,44,4,1
8586597,No,1479,84,4,1
5885115,No,797,96,3,2
1568259,No,1070,45,3,3
4803152,No,635,99,4,0
5940559,No,442,44,3,0
2398196,No,147,37,3,1
349928,No,496,60,3,1
6489003,No,1372,42,3,0
629234,Yes,920,43,4,1
8052684,No,688,82,3,1
3431615,Yes,1449,45,3,1
7343461,No,1117,66,4,0
1331634,No,636,35,3,0
4061428,No,506,30,3,0
1527220,No,444,84,3,1
92792,Yes,950,48,3,0
2509368,No,889,53,3,3
6681156,No,555,77,3,1
3399264,Yes,230,54,3,0
824792,No,1232,96,3,2
413447,No,566,81,3,2
4459736,No,1302,84,3,1
2627497,No,334,88,3,0
6600020,No,812,69,3,0
651437,No,1476,68,3,0
5633098,No,218,100,3,1
8839478,No,1132,48,3,3
4069052,No,1105,47,3,1
108833,No,906,91,3,1
2635865,No,849,81,3,1
6251902,No,390,32,3,1
6351470,No,691,86,3,1
6421360,No,106,62,3,0
9225111,No,1249,97,3,1
2928142,No,192,32,3,1
721340,No,553,74,3,2
298639,No,117,99,3,0
8540511,No,185,33,3,0
8709179,No,1091,90,3,0
3462183,Yes,723,85,3,0
614390,No,1220,85,3,0
9739421,No,588,65,3,0
8356163,No,1377,74,3,0
1351570,No,691,73,3,3
7973939,No,1018,74,3,0
7062783,Yes,1157,84,3,0
1565490,No,1275,64,3,2
2230020,No,798,48,4,1
4197685,No,672,54,3,1
6381364,Yes,1162,41,3,0
7780690,No,508,46,3,0
2604435,No,1482,42,3,1
2885821,No,559,82,3,1
1099387,No,210,73,3,1
7333519,No,928,31,3,0
2503031,No,1001,43,3,1
3084272,No,549,75,3,2
9427080,No,1124,57,4,3
7464523,Yes,318,77,3,0
1956031,No,738,30,3,0
3412277,No,570,30,3,3
3575870,No,1130,56,3,1
866323,No,1192,61,3,2
4981975,No,343,92,3,1
3255759,No,1232,39,3,0
8406582,No,144,39,3,2
4870009,No,1296,62,3,0
1461580,No,1309,83,3,2
7118215,No,483,95,3,0
5876545,No,1309,99,3,0
6351159,No,810,44,3,0
6009675,No,746,61,3,1
639793,No,544,52,3,1
4310805,No,1062,75,3,1
7862371,No,530,91,4,1
5846547,No,1319,51,3,2
6072394,No,641,85,3,1
7718927,No,933,57,3,1
2468912,No,1332,98,4,0
4519070,Yes,756,99,3,0
3504835,No,845,45,3,0
4134660,No,541,48,3,1
3405629,No,593,88,3,0
3910534,No,1171,46,3,1
8527414,No,895,39,4,0
2304727,Yes,350,34,3,0
7746599,No,921,98,4,1
1329814,No,1144,30,3,0
6565131,Yes,143,56,3,0
7689673,No,1046,100,3,0
9911047,Yes,575,68,3,2
7876504,No,408,42,3,0
94109,Yes,156,90,3,0
1525846,No,1283,54,3,0
5166298,No,755,97,3,0
7759517,No,1469,82,3,1
7942449,No,304,92,3,0
8889249,No,1261,31,4,0
4446089,No,1178,87,3,1
6789994,No,329,96,3,1
3083086,Yes,1362,67,3,0
8086182,No,1311,97,3,0
4356539,No,1371,77,3,1
9807296,No,202,72,3,1
6468738,Yes,575,73,4,0
1274799,No,253,43,3,1
4259864,No,164,61,3,2
8407675,Yes,464,40,4,0
3328617,No,1107,95,3,1
1493930,No,759,46,3,2
3704622,No,201,95,3,1
941924,No,1305,49,3,0
3493535,No,982,59,3,1
7740540,No,555,78,4,1
9021504,No,821,86,3,1
310678,No,1381,72,3,1
2013949,No,480,31,3,1
6377117,No,313,61,4,1
1223680,No,1473,74,3,0
1559121,No,891,99,3,0
2286096,No,1063,72,3,2
6341362,No,329,98,3,1
5253811,No,1218,52,3,1
6557515,No,906,86,3,3
736249,No,1082,83,3,0
4220433,No,645,49,3,1
7804007,No,1300,79,3,1
5071051,Yes,688,91,3,1
8552568,No,319,39,3,0
3648771,No,192,69,4,2
4853878,No,1490,30,3,0
8781553,No,532,92,3,1
4084684,No,317,43,4,0
7291531,No,422,41,3,0
3639136,No,1485,87,3,1
8422501,No,1368,88,3,3
7400587,Yes,1448,62,3,0
4989980,Yes,296,33,3,1
5821045,No,1490,42,4,1
9013007,No,1398,79,3,0
7572586,No,1349,90,4,2
7310945,No,1400,53,3,1
6495653,No,986,93,3,0
1991382,Yes,408,71,3,0
742839,Yes,489,52,3,0
6550328,No,1398,69,3,0
5825060,No,210,56,3,1
5511194,No,1099,88,3,1
6998906,No,1116,49,3,0
6855631,No,1499,80,3,0
285899,No,983,65,3,3
6553073,No,1009,51,3,0
4469810,No,144,46,3,0
9299485,No,548,42,3,0
8304043,No,1303,62,3,1
6400134,No,1125,94,3,1
9382128,No,1274,33,4,1
9482739,Yes,1277,56,3,0
7148009,Yes,587,38,3,3
8587750,No,413,57,3,0
6582565,No,1276,72,3,0
6968434,Yes,534,66,3,0
6152173,Yes,988,43,3,3
1410726,No,1474,97,3,1
1584376,No,635,32,3,0
8152661,Yes,1368,99,3,0
9576884,No,163,37,3,1
909861,No,1117,83,4,0
4957648,No,267,56,3,0
3060913,No,619,85,3,0
64658,No,302,75,3,0
1471326,No,443,48,3,1
6998293,No,828,77,3,0
3237059,No,319,56,4,1
9875709,No,561,61,3,1
3832003,Yes,426,58,3,1
2441104,No,232,34,3,2
1982802,No,922,95,3,1
3870741,No,688,44,4,1
8066440,Yes,1306,69,3,0
2586855,No,1094,58,3,1
3846634,No,509,62,3,0
9410824,No,775,45,3,2
794848,No,195,80,3,0
3194680,No,258,74,3,0
8801674,Yes,471,66,3,0
2164449,No,799,59,3,0
8869911,No,1034,86,3,0
7393904,No,1276,91,3,1
4821223,No,142,69,3,1
7021095,No,956,78,3,2
8903044,Yes,1474,60,3,0
1046041,No,535,38,3,2
8817429,No,1495,76,3,1
6484884,No,446,65,3,1
4803039,No,1245,58,3,1
3549841,No,691,89,3,2
3975393,No,703,66,4,2
3011194,No,823,94,4,1
6475114,No,1246,99,3,1
1821597,No,622,40,3,0
8553666,Yes,1287,55,3,1
2987235,Yes,448,74,3,1
5851213,No,254,83,3,1
8810214,Yes,1365,46,3,0
9254076,No,538,54,3,0
6064843,No,525,66,4,2
7162945,No,798,66,3,2
4884127,No,558,75,3,1
7088761,No,959,83,3,0
3413237,No,622,81,3,2
247945,No,782,50,3,1
396830,No,362,43,3,0
5641451,No,1001,72,3,1
6847718,No,1236,40,3,1
682135,No,1112,50,3,0
2167278,No,204,31,3,2
8600205,Yes,1420,85,3,1
6899136,No,1343,49,3,0
1646370,No,1315,35,3,1
7762791,No,604,69,4,0
1451122,No,1216,39,3,0
782241,No,646,92,3,1
4226167,No,160,71,4,1
2794767,No,238,34,4,0
150677,No,1397,42,3,1
1600655,Yes,306,100,3,2
8762906,No,991,71,3,1
9832658,No,482,36,3,1
6011095,No,1176,62,3,1
7542637,No,1017,82,3,0
8349520,No,1296,30,4,1
9461245,No,397,88,3,1
7857277,No,913,48,3,1
5845237,No,1115,54,3,0
7640396,Yes,1362,32,3,0
1673317,Yes,1076,70,3,0
444017,No,727,41,3,2
2225399,No,885,58,3,1
6462271,No,810,57,4,1
2880728,No,243,46,4,0
4286481,No,806,76,3,1
4034780,No,817,56,3,0
7268985,No,1410,71,4,2
6212256,No,1225,80,3,0
6307944,No,1207,74,3,3
849518,No,1442,46,3,0
7365682,Yes,693,65,3,0
3969001,No,408,80,3,0
1845247,No,929,55,3,0
1627341,Yes,562,50,3,1
3242551,No,827,33,3,0
8678686,No,608,68,3,0
9007786,No,1018,39,3,0
1880266,No,703,42,3,0
4363574,No,580,48,4,1
8535789,No,970,59,3,0
9391725,No,427,73,3,3
4606104,No,1179,84,3,0
8538668,No,294,32,4,2
6906400,No,314,59,3,1
5857253,No,316,54,3,1
8080193,Yes,654,67,3,0
851284,No,427,63,3,1
458776,No,168,81,3,0
2218954,No,381,49,3,0
5753585,No,217,49,3,2
8422305,No,501,99,4,1
7262529,No,1396,99,3,0
7277934,Yes,933,57,3,0
1114843,No,775,47,3,1
9718038,No,970,96,3,0
9676801,No,650,37,3,1
6328431,No,141,44,3,1
7748799,No,832,81,3,0
9521952,No,804,86,4,0
5970725,No,975,55,3,0
7494567,No,1090,83,3,2
8275819,No,346,86,3,0
6152789,No,1225,61,3,1
4079643,No,430,80,3,2
6044604,No,268,92,3,1
5132434,No,167,32,3,1
2264548,No,621,31,3,0
910898,Yes,527,63,3,0
4561845,No,883,32,4,0
4668542,No,954,46,3,0
5672592,No,310,79,3,0
9580838,Yes,719,77,3,0
7543232,No,304,60,4,0
1975019,Yes,725,78,3,1
4197828,No,1434,76,3,0
6463373,No,715,41,3,1
1337842,No,575,71,3,1
9880389,No,657,66,3,1
9913515,Yes,1146,38,3,0
2002535,No,182,72,3,0
1459828,No,376,95,3,2
2176427,No,829,84,3,1
11815,No,571,82,3,2
5911363,No,240,75,3,0
307635,No,121,86,3,0
9098649,No,384,72,3,1
201450,No,921,38,4,2
5399314,No,791,38,4,1
6019633,No,1111,93,3,1
6524823,No,570,66,3,1
4046288,Yes,1243,63,4,2
7143153,No,1092,60,3,3
1952774,No,1325,82,4,1
896574,No,691,64,3,0
4337151,Yes,805,36,3,1
5382975,No,213,49,3,0
2233323,Yes,118,69,3,0
9430955,No,202,33,3,1
8385603,No,676,35,3,1
4030549,No,1252,81,4,1
921995,Yes,286,31,3,0
8463570,No,1258,40,3,0
3980013,No,932,43,3,1
7050790,Yes,890,46,3,0
2438072,No,1041,36,3,1
9923661,No,859,98,3,1
7112615,No,720,51,3,0
2680677,No,946,52,4,0
3120403,No,252,95,3,0
1684204,No,933,98,3,1
6790008,No,471,45,3,1
3695793,No,702,100,3,0
2792026,Yes,1184,43,3,2
832339,Yes,436,37,3,0
3096533,No,589,94,4,1
6497798,No,269,42,3,1
8046925,No,950,59,4,0
7028686,No,760,81,4,0
7786973,No,829,88,3,1
4223013,Yes,887,88,3,1
818196,No,443,50,3,3
3664206,No,1318,66,3,1
7685211,No,625,50,3,0
6494365,No,180,65,3,0
9178430,No,586,48,4,1
26146,No,1343,53,3,0
1596067,No,928,56,3,1
553990,No,117,73,3,1
4661006,No,1012,75,3,1
5643524,No,661,78,3,1
4605336,No,930,74,3,1
595669,No,638,91,3,1
7320399,No,890,81,4,0
2376005,No,342,66,3,2
2978313,No,1169,63,3,1
5992089,No,1230,33,4,2
8285824,No,986,62,4,1
9351597,No,1271,35,3,0
7620391,No,1278,77,4,0
3006501,No,141,98,3,0
4914038,No,607,66,4,1
3323949,Yes,130,96,3,1
9993549,No,300,61,3,1
1855499,No,583,87,3,0
680428,No,1418,36,3,1
8452255,No,1269,46,3,0
7642668,No,379,48,3,1
650947,No,395,98,3,1
2055847,No,1265,95,3,1
1636949,No,1222,48,3,1
6290008,Yes,341,48,3,3
4975660,No,868,73,3,1
9325486,No,672,78,3,0
9926252,No,1231,54,3,1
1011711,No,102,72,3,0
5881536,No,422,33,3,1
7152389,No,249,35,4,1
5325672,No,1252,32,3,0
6646651,No,881,98,3,1
4511206,No,1383,42,3,2
3720110,No,1075,57,3,1
1402004,Yes,374,87,4,0
6272179,No,1086,62,3,3
2206147,No,661,61,3,0
4970161,No,821,98,3,0
6260536,Yes,781,57,3,1
3820500,No,177,55,4,1
9692384,Yes,500,49,3,0
9446070,Yes,1427,65,3,0
2592004,No,1425,68,3,1
9105790,No,1454,65,3,0
4154807,Yes,617,34,3,1
6192006,Yes,1085,57,3,1
3666018,No,995,77,3,1
4114086,Yes,1122,70,4,0
6006595,No,618,76,3,0
2637113,No,546,83,3,2
3189962,No,462,68,3,0
8274419,No,1198,100,3,0
8771309,No,1272,37,3,1
9037200,No,154,41,3,0
5916693,No,1137,51,4,1
4845250,No,527,51,3,1
1552564,No,1469,51,3,2
1878586,No,1188,45,3,1
8796445,No,188,65,3,0
7544798,No,1333,80,3,1
562286,No,1184,70,4,0
3588146,Yes,867,36,3,3
4993239,No,658,67,3,1
9560317,No,1283,52,3,0
3609881,No,263,59,3,0
1140800,No,938,79,4,0
9363935,Yes,419,37,3,0
2861511,Yes,129,84,3,0
7884997,No,616,41,3,2
1698102,No,1469,35,3,1
2439230,No,498,93,3,1
6669762,Yes,530,51,3,1
3027447,No,1069,42,3,0
9133581,Yes,625,46,3,0
2947360,No,805,57,3,0
8498126,No,1404,84,3,1
1419679,No,1219,86,3,0
1178552,No,1053,70,3,1
2393045,Yes,289,51,4,0
9051050,No,1376,45,3,1
2903557,No,231,62,3,1
1764639,No,152,85,3,0
4232187,No,882,92,3,1
9209598,No,903,41,3,0
5639383,Yes,1479,100,3,0
3855304,No,1379,64,3,0
6558822,No,1229,84,3,2
3537149,Yes,335,46,4,0
3370958,No,722,38,3,0
1311434,Yes,906,92,4,0
9957621,No,461,53,3,0
6120837,No,974,91,3,2
3939273,No,1126,66,4,1
5419151,No,827,84,3,1
9550516,No,840,64,3,1
1620247,No,1134,37,3,1
3039721,No,248,42,3,1
3690713,No,955,83,3,0
1276798,Yes,138,48,3,0
3490913,No,939,95,3,1
4392819,No,1391,66,3,1
387368,No,566,75,3,1
4015620,No,1206,41,3,2
782052,Yes,622,39,4,1
6164282,No,853,96,3,1
7628943,No,287,73,3,0
9632909,No,1441,56,3,1
7807247,No,583,57,3,1
4941359,No,153,73,3,3
5128747,Yes,1097,98,3,0
2859943,Yes,109,60,3,0
6250609,No,1066,32,3,0
2910798,No,217,94,3,1
4065317,No,277,97,3,0
5932946,No,1355,78,3,0
7441272,No,549,42,3,0
3528969,No,466,65,3,1
6505718,No,1055,47,3,1
8320016,No,802,45,4,1
8836389,No,265,90,3,0
8812094,No,804,64,3,0
9468778,No,715,69,3,0
8801616,Yes,1141,61,3,0
1823508,No,135,62,3,2
7039430,No,247,55,4,2
4672512,No,1035,42,3,0
2900878,Yes,265,79,3,0
8290057,Yes,266,57,3,1
6420728,No,1448,53,3,1
5099771,No,145,95,3,1
4320313,Yes,885,43,3,0
8637157,No,945,82,3,0
70834,No,1038,88,3,0
1680707,No,1234,90,3,1
7652034,No,1109,69,3,0
3885433,No,216,75,3,1
5607541,No,1089,66,3,1
5808795,No,788,36,3,0
839894,No,124,38,3,1
9855623,Yes,660,81,3,1
8837448,Yes,342,57,3,1
421923,No,1333,87,3,1
3701355,No,1144,74,4,0
8590623,No,1186,44,3,1
699908,No,1464,62,3,1
2610884,No,124,35,3,0
8682863,No,300,74,3,1
6331310,No,921,66,3,2
1374749,No,430,40,3,2
9222549,No,1082,41,3,1
4209152,No,1240,63,3,1
3212814,No,796,51,3,0
3410158,No,444,40,3,0
5482124,No,415,79,3,1
2756010,Yes,769,54,3,0
5581094,Yes,1334,36,3,0
3675056,No,1003,74,4,3
8207348,Yes,1323,34,3,3
8669946,Yes,1366,72,3,0
1092576,No,192,59,3,2
1861937,No,1176,85,3,1
926526,No,509,43,3,0
7934798,No,330,65,3,1
6987632,No,1492,61,4,1
5981308,No,1277,87,3,3
5737051,No,1091,65,3,1
2229082,No,857,59,3,0
5890839,Yes,1376,91,3,1
7193016,No,654,34,3,1
6642143,Yes,1204,86,4,0
832878,Yes,827,54,4,0
4945203,No,895,50,3,1
188884,No,618,45,3,0
2863422,No,309,88,3,3
9548946,Yes,1219,32,3,1
2261532,Yes,1330,37,4,1
4168421,Yes,1017,55,4,0
754780,No,469,35,3,1
9776760,Yes,1009,45,3,2
9586353,Yes,959,81,3,0
2352887,No,970,30,3,1
3354805,No,697,40,3,3
3826124,No,1262,35,4,0
3389547,No,1050,65,3,1
6482671,No,994,87,3,0
3878209,No,770,73,3,2
2566139,No,1107,93,4,1
7609085,No,950,93,3,3
7334727,No,406,52,3,1
9858211,No,130,32,3,0
5233992,No,1082,83,3,1
9717688,Yes,203,84,3,3
982936,No,1308,44,3,0
3141701,No,984,70,3,0
4015282,No,439,70,3,0
556827,No,217,78,4,0
2203566,No,793,67,3,1
979868,No,1451,67,3,0
6303502,No,1182,54,3,1
3702798,No,174,56,3,1
1829482,No,1003,95,3,0
1417091,No,490,61,3,2
969779,No,188,56,3,0
9672454,No,718,79,3,1
7654714,No,433,37,3,1
1402232,No,773,39,3,1
2480284,Yes,247,80,3,0
414657,Yes,603,77,3,0
3135913,No,167,46,3,1
183475,Yes,874,72,3,1
5187951,No,367,52,3,2
8112504,No,199,55,3,1
9532658,No,1400,70,4,0
6989606,No,528,100,3,0
6190831,Yes,408,45,3,1
165926,No,593,88,3,0
7486390,Yes,481,44,3,0
6062880,No,647,45,3,0
6427598,No,982,58,3,1
2097191,No,477,49,4,0
1942472,Yes,1485,79,3,0
8319345,No,1384,82,4,1
4024885,No,852,72,3,1
8186811,No,902,92,3,1
5556603,No,819,44,3,1
3645368,No,669,97,4,0
9968074,No,636,47,3,1
8939818,Yes,1372,85,3,0
2870162,No,862,76,3,3
6095198,No,718,92,3,1
1757969,No,1401,54,3,1
6487439,No,645,54,4,0
2090163,No,1457,83,3,1
8492593,No,977,56,3,1
8568768,No,805,87,3,0
9846972,Yes,1097,96,3,0
3125338,No,1223,50,3,1
4263782,No,942,69,3,1
1409898,Yes,1256,48,3,1
5824515,No,1402,69,4,0
9695681,No,111,74,3,0
8934197,No,147,99,3,1
5562500,Yes,906,95,3,1
6426169,No,1329,61,3,3
2782540,No,1184,62,3,3
1909980,No,1421,30,4,1
7678253,No,1179,78,3,3
4396654,No,1450,52,3,1
9838790,No,1361,94,3,3
4289767,Yes,984,97,3,1
9896631,No,1146,82,3,1
9944712,No,917,60,3,1
4037067,No,853,49,3,3
3068411,No,200,32,4,0
158092,No,654,43,3,0
9696114,No,150,60,3,1
9601075,No,179,79,3,1
5117520,No,696,52,3,1
902204,No,116,77,4,1
2731284,No,1316,38,3,0
2375814,No,363,77,4,1
9036162,No,117,60,3,1
7446913,No,107,84,3,1
4312330,No,1356,57,3,0
7506544,No,1465,63,4,1
3915786,No,458,60,3,0
4486795,No,1212,78,3,1
5654448,No,1103,42,3,2
4480176,No,966,53,3,1
947939,No,1117,72,3,1
9701385,Yes,504,96,4,0
4679015,No,1010,97,3,3
3776601,No,685,85,3,0
235007,No,1332,80,3,0
8256263,No,1062,96,3,0
6129577,No,326,48,3,0
1843193,No,920,96,3,1
5669392,No,1098,85,3,1
3502587,No,469,46,3,0
6187456,No,969,76,3,0
5276056,No,1167,76,3,3
2589277,No,1329,82,3,2
5127916,No,715,76,3,0
7711725,No,694,87,3,2
4004001,No,1320,89,3,0
9519591,No,1099,88,3,1
9744420,No,536,82,3,2
9240940,No,265,57,3,0
1962754,No,373,47,4,1
7816264,Yes,599,73,3,0
2215568,No,583,53,4,0
7522105,Yes,1449,94,3,0
8382213,No,177,37,3,1
3661621,Yes,251,45,4,0
8158584,No,168,33,3,1
5171361,No,131,86,3,0
9514182,No,237,83,4,1
7792110,No,1429,67,3,0
7616883,No,135,46,3,2
5645202,No,791,44,3,0
9104282,No,1199,92,3,2
2336687,No,648,56,3,2
2057304,No,735,66,3,0
5505732,No,603,78,3,0
4574744,No,531,56,3,0
9615436,No,429,53,3,0
6404685,Yes,621,73,3,1
1648577,No,193,52,3,1
9319794,No,968,40,3,0
4555945,No,879,72,3,0
1760069,Yes,806,39,3,2
146665,No,640,84,3,0
8122945,No,266,40,3,0
2277695,No,604,56,3,2
5292329,No,364,83,4,0
3395151,No,412,94,3,2
8527906,No,848,88,3,2
9064066,Yes,1089,79,3,1
8348836,Yes,360,93,3,0
4349564,No,1138,48,3,1
5644439,No,325,63,3,0
2894126,No,991,44,3,0
5537879,No,1476,55,3,3
8986346,No,1322,43,3,0
1078430,Yes,299,57,3,0
3019896,Yes,1030,64,3,0
6251514,No,634,95,4,2
3237690,No,524,32,3,0
659674,No,587,57,3,1
1805904,No,256,40,3,0
3298477,Yes,1060,54,3,0
5577870,Yes,935,89,3,0
4189066,No,495,37,3,0
4763251,No,282,58,3,1
2259306,No,206,99,3,0
2666838,No,458,74,3,1
8046403,No,943,86,3,1
2521467,No,523,98,3,0
5837251,No,1018,66,3,1
605419,No,482,87,3,0
326417,No,770,84,3,1
4130126,No,1009,31,3,1
3960958,No,507,66,3,0
5845188,No,882,67,3,3
6319534,Yes,601,53,3,0
4206305,No,329,88,4,1
6830614,No,607,83,3,1
5896129,No,855,54,3,0
4247205,No,1291,98,3,1
1822935,No,1405,82,3,0
3904187,No,1124,97,3,0
5263835,No,817,60,3,1
1614087,No,793,43,4,0
8062947,Yes,267,85,3,0
1241050,No,1369,68,3,1
7261601,No,999,92,4,3
7943718,No,1202,89,4,3
9205099,No,285,86,3,2
2594618,Yes,703,90,3,0
2323453,Yes,662,67,3,1
892896,No,693,57,3,3
2165209,No,404,98,3,0
795229,No,736,48,3,1
6340738,Yes,330,98,3,2
3964278,No,1498,44,3,2
664974,No,541,52,3,0
3617121,No,1200,75,3,2
9253872,No,1439,54,3,0
8735132,No,1111,61,3,0
3337868,No,499,36,3,3
8783565,No,1485,71,4,1
3107385,No,1372,93,3,0
6099999,No,322,59,3,1
1168574,No,930,73,3,0
2089495,No,205,98,3,0
2344730,Yes,135,51,3,0
6530273,No,683,36,3,0
3038232,No,1147,31,3,1
2579739,No,258,54,3,0
5144693,No,1462,94,3,0
5231671,No,200,60,3,0
7169172,No,949,81,3,1
7815107,No,652,100,3,0
4324324,No,332,51,3,0
8919547,Yes,1475,97,4,0
9500022,Yes,337,84,3,0
6186884,No,971,54,3,0
6759518,No,1055,76,4,1
5849710,No,1136,81,3,2
2589444,No,1174,99,3,0
6115430,Yes,667,50,3,0
9979651,No,855,73,3,2
8272357,No,182,93,3,0
415610,No,560,91,3,2
3023099,Yes,202,34,3,0
7546513,No,1377,91,3,0
2675981,No,172,37,3,0
6280771,No,329,98,3,2
6844970,No,465,74,3,1
1938956,Yes,383,68,3,0
4180948,No,1413,84,3,0
5342874,No,1255,90,4,1
8216357,No,359,82,3,2
9335767,No,1476,42,3,2
3696593,No,601,97,3,1
5385850,No,401,86,3,1
8052401,No,1283,90,3,0
8364256,No,663,81,3,2
6973299,No,326,31,3,1
8256964,Yes,377,52,3,1
7115863,Yes,592,54,4,0
5191273,Yes,1445,100,3,0
5857385,No,1038,95,3,1
3849817,No,1398,96,3,0
7421117,Yes,523,94,3,1
1428480,No,1448,55,3,2
3542730,No,1221,96,3,3
5938427,Yes,1107,52,3,0
9183937,No,218,55,3,1
7098637,No,866,84,3,0
8168978,No,981,90,3,0
6664337,No,447,39,3,0
7854389,No,1495,96,3,1
1023264,No,896,68,3,1
6562383,No,1467,49,3,0
1098132,No,430,54,3,2
847967,No,1326,81,3,0
9829950,No,1358,96,3,2
6982183,No,748,74,3,0
2392126,No,383,79,3,1
1938643,No,990,64,3,2
2261841,No,405,93,4,1
9030053,No,1490,35,3,2
1933292,No,829,71,3,2
1947089,Yes,1496,92,3,1
8627666,Yes,115,51,3,0
3990901,Yes,790,40,4,0
1308579,No,660,76,3,1
6649986,Yes,381,89,3,0
9397811,No,830,78,3,1
5666535,No,1193,86,3,0
1972230,No,1246,77,3,2
3727126,No,330,46,4,1
1058913,No,1229,30,3,0
7668858,No,1099,82,3,0
6520712,No,571,78,3,1
6085980,Yes,289,38,3,0
2131678,No,1423,72,3,1
2792515,No,467,55,3,0
7782851,No,271,43,4,1
3169897,No,410,97,3,3
333927,No,1083,96,3,2
8424286,No,516,69,3,0
4106542,No,495,64,4,0
1230036,No,1050,87,4,1
6625162,Yes,224,100,3,0
2429757,No,136,32,3,1
9439313,No,1089,32,3,0
5683685,No,228,51,3,1
5533779,No,1029,91,3,0
3646780,No,507,97,3,0
9552751,Yes,676,86,3,0
7492079,No,971,64,3,0
6341733,Yes,561,33,3,0
2012090,No,333,88,3,0
2797164,No,1440,55,4,1
4707999,No,1210,68,3,1
9835331,No,674,47,3,0
2586058,No,441,39,3,1
3262845,No,575,44,3,0
2573967,No,950,97,4,1
1163595,No,288,40,3,1
1107914,No,1342,47,3,0
8250149,No,589,79,3,1
9381147,No,898,38,4,0
2567106,No,350,57,3,3
3204794,No,1142,72,3,0
9013880,No,538,66,3,3
6040828,No,1402,98,4,2
7810457,No,824,67,3,1
6744749,No,1157,70,4,0
5775557,No,492,96,3,1
9467649,No,598,91,3,2
6321932,No,1242,46,3,1
8734708,Yes,740,64,3,1
9790983,No,888,71,3,0
1286629,No,992,68,3,0
1412215,No,1288,33,3,1
6988316,Yes,104,69,3,1
3720616,Yes,607,78,3,1
2368721,Yes,903,81,3,2
8786954,No,1200,62,3,1
4793707,No,1108,65,3,1
3160989,No,479,35,3,0
7179468,No,685,60,4,1
1213465,No,1351,45,3,1
9520685,No,474,89,4,0
8899707,No,1245,80,3,1
2001085,No,437,90,3,0
2336266,No,884,73,3,0
7707721,No,1370,87,3,0
217094,No,670,51,3,0
8628963,No,1462,38,3,1
1943063,No,995,87,3,1
2315817,No,264,59,3,1
4495480,No,977,45,3,1
1250631,No,1302,80,3,1
3758891,No,1059,93,4,0
1728852,No,750,46,3,2
706856,No,653,92,3,1
1912896,No,118,84,3,1
8264557,No,990,87,3,1
8157143,No,1349,63,3,1
4138072,No,563,56,3,0
2177079,Yes,329,51,3,3
3926354,No,457,85,3,0
1159705,No,1234,41,3,1
1739429,No,634,35,3,2
9606947,No,1313,31,3,1
4012224,No,241,48,3,1
4411093,No,1015,50,3,0
9854858,No,336,52,3,1
872463,No,715,54,3,0
7422904,No,559,76,3,2
5269299,No,426,42,3,1
2646701,No,722,84,3,1
6267785,No,1387,76,3,3
2200690,No,1302,67,3,2
389884,No,819,48,3,0
6855844,No,580,39,4,1
1436968,No,546,97,3,0
256534,Yes,544,70,3,0
7059563,No,1176,98,3,1
9632950,No,170,76,3,1
1000757,No,884,80,3,2
6776575,No,208,52,3,1
468323,No,671,85,3,3
5581285,No,711,81,3,0
1823272,No,1329,59,3,2
1586599,No,397,54,3,1
2681494,Yes,737,55,3,0
3528995,No,1470,71,3,1
6205342,No,448,84,3,0
6187809,No,602,37,3,0
1239723,No,365,89,4,1
458957,Yes,763,59,3,2
9491298,No,567,32,3,0
3177039,No,486,86,3,0
1109053,No,591,87,3,0
5262917,Yes,1329,73,3,0
6342263,No,469,42,3,0
752253,No,711,42,3,2
1661552,No,772,77,3,2
7272257,No,492,66,4,0
5427884,No,301,72,3,2
8096572,No,813,50,3,3
7508403,No,1141,31,3,0
5156696,No,1130,66,3,1
6599164,No,311,77,3,0
457873,No,465,41,3,1
2081014,No,894,33,3,0
8361561,No,1040,79,4,1
7612602,No,584,91,4,1
330863,No,1291,65,4,1
1409616,Yes,880,36,4,0
4841338,No,1189,90,3,2
4491563,No,991,43,3,1
5453696,No,392,93,3,2
2575734,No,977,45,3,2
7498952,No,1112,67,3,2
3283495,No,464,74,3,1
6677575,No,148,42,4,0
2746735,No,1225,47,3,3
1847309,No,809,36,3,0
6286270,No,1206,80,3,0
9631536,No,727,54,3,0
1600282,No,530,36,4,1
7849725,No,1351,80,3,2
6481487,No,528,44,3,3
21094,Yes,1320,93,3,0
1008722,No,1495,87,3,1
7380352,No,1395,48,3,0
7623864,Yes,708,95,3,2
4586186,Yes,1259,95,3,0
1537664,No,786,76,4,0
7051464,No,1441,94,3,1
2343749,No,1157,57,3,1
9998061,No,370,92,4,1
5328564,No,267,79,3,3
5886205,No,1278,31,3,2
9795677,No,678,35,3,0
8304925,Yes,427,99,4,1
1497781,No,921,96,3,1
3385031,No,146,79,3,0
1325775,No,1179,73,3,1
4153828,No,581,62,3,1
6099823,No,918,35,3,0
7199907,No,1082,43,3,1
661805,No,530,51,3,0
7776172,No,1238,74,4,1
7480957,Yes,240,58,3,1
9290558,Yes,1093,82,3,0
5932745,No,390,62,3,3
7905610,No,1005,48,3,0
1152264,No,585,56,3,1
155973,No,741,69,3,1
3582419,No,552,60,3,1
1881761,No,369,92,3,1
509961,No,506,91,3,3
4706942,No,717,34,3,0
3600185,No,1370,49,3,1
57075,No,793,33,3,1
9181029,No,543,87,3,1
6901718,No,1277,74,3,1
1347098,Yes,1456,96,3,3
410337,Yes,964,34,3,0
6998102,No,160,51,3,0
1607859,No,163,30,4,0
2865843,No,792,77,3,1
9092015,No,371,80,3,1
7219702,No,611,88,3,0
3052913,No,176,56,4,2
6825806,No,1312,78,3,0
8818333,No,897,59,3,1
6318122,Yes,600,66,3,1
2609457,No,1003,51,3,1
5948772,No,1054,67,3,0
7570923,Yes,428,52,3,0
4663876,No,461,70,3,0
2683846,No,979,94,3,1
3941814,No,181,97,3,3
7699263,No,1283,62,3,0
1971529,No,1313,80,3,0
4472184,Yes,211,74,4,0
4533515,No,594,75,3,1
3605037,Yes,1079,70,3,3
8938552,No,590,91,3,1
9143955,No,305,58,3,1
5037895,No,953,65,3,0
7834475,No,833,60,3,1
9580187,Yes,807,38,3,1
5539592,No,855,57,4,3
3401272,No,478,60,3,3
4783344,No,775,90,3,2
6127874,No,548,94,4,2
6412850,No,1375,87,3,1
5515119,No,661,60,4,3
884517,No,244,97,3,0
3988082,No,511,32,3,0
9209998,Yes,337,31,3,0
7266423,No,1153,40,3,1
9506128,Yes,1294,79,3,0
9645076,No,196,91,3,2
5296798,No,942,53,3,0
3599101,No,589,46,3,2
9977414,No,734,46,3,1
5650210,No,1383,90,3,1
3036183,Yes,429,99,3,3
9765865,No,1239,89,3,0
6330055,Yes,303,84,3,0
3683184,No,867,90,3,1
5392132,No,1181,82,3,1
9056050,No,1253,65,4,0
36047,No,849,98,3,0
2100839,No,616,99,3,1
7146828,No,1128,95,3,2
3330061,No,1180,90,3,1
9317983,No,1336,100,3,3
7319158,Yes,234,93,3,1
1955890,Yes,370,58,3,0
1374918,No,766,83,3,1
8343071,No,343,52,3,0
6000207,No,447,85,3,0
5994468,No,796,81,3,1
6557034,No,1092,64,3,0
3142950,Yes,920,69,3,0
4080890,Yes,261,66,4,1
8186986,No,1194,52,3,1
8513119,No,810,92,4,2
1889327,No,350,52,4,1
489583,No,185,91,3,1
4678163,No,1001,92,3,1
8236180,No,750,47,3,1
4109982,No,431,68,3,1
7700274,No,1125,68,3,2
9547110,No,1217,67,4,1
7444180,No,723,77,4,2
9402221,No,572,46,3,0
9276950,No,1216,87,3,0
407313,No,1431,33,3,0
3354826,Yes,359,89,3,0
3658790,Yes,350,56,3,3
4514851,No,589,67,4,2
6512885,No,430,73,4,1
3134877,No,1422,92,4,1
1460760,No,1297,53,3,0
5550162,No,574,40,3,0
2894887,No,1318,79,3,0
679017,No,355,38,4,2
7158897,No,207,64,3,0
9486946,No,706,82,3,1
2670773,No,280,43,3,1
7439718,No,726,93,3,2
4983555,No,1142,81,3,0
3206269,Yes,414,82,3,0
8516136,No,1319,45,3,1
6770898,No,728,36,4,1
158103,No,352,87,3,0
9883860,No,823,81,3,0
3906270,No,1224,91,3,0
5730500,Yes,459,73,4,0
1333395,Yes,1254,64,4,3
4955961,No,1131,77,3,1
6944974,No,835,41,3,3
1317601,No,836,98,4,1
2377645,No,1172,78,3,1
1175496,Yes,945,89,3,0
6090909,Yes,391,75,4,0
4531582,No,1266,63,3,1
8016584,No,311,89,3,1
9162286,No,1480,64,3,3
6011430,No,592,59,3,0
6735731,No,783,78,4,1
8047379,No,219,44,3,0
5395078,No,556,93,3,2
7999942,No,1213,94,4,0
8853747,No,1137,98,3,1
4183173,No,482,90,3,1
211180,No,511,89,3,0
57044,No,117,58,3,1
403500,No,170,78,3,1
891367,Yes,967,85,4,1
8426238,Yes,1162,97,3,0
173093,No,335,33,3,2
265720,No,337,54,4,1
1269682,No,1396,83,3,1
5930683,No,1079,86,3,1
2852809,No,735,75,3,0
1041242,No,471,62,3,1
7485594,No,1096,61,3,1
5141241,No,1297,44,3,0
9823461,No,217,43,3,0
1789077,No,783,42,3,1
7775040,Yes,746,45,3,0
7804278,No,1251,32,3,1
2812450,No,1354,41,3,1
9824791,No,735,86,3,0
4682883,Yes,1475,84,3,0
5453888,No,1169,64,3,1
3771056,No,1443,89,3,1
3175816,No,867,87,4,1
8043484,No,1394,58,3,1
4508622,No,605,72,3,1
6566048,Yes,238,47,3,0
7001640,No,1206,71,3,2
4535540,No,1064,42,3,0
2258042,No,419,77,3,2
9602559,Yes,1337,58,3,0
2861933,No,682,71,3,1
7669600,No,1103,49,3,0
3693205,No,976,48,3,1
2260556,No,1351,66,4,0
5496491,No,937,32,4,0
5423528,No,1239,39,3,1
6995839,No,157,95,3,0
119737,No,136,89,3,1
4203435,No,1146,34,3,1
1520627,No,1125,48,4,0
1824808,Yes,1404,32,3,1
6524688,No,1404,59,3,0
2668072,No,1224,55,3,0
1590551,No,954,44,3,0
8757540,No,1373,56,4,0
1127289,Yes,754,63,3,0
5601732,Yes,1168,66,3,0
5669114,No,155,67,3,2
2482576,No,1303,36,4,3
4034663,No,574,30,3,1
1582345,No,1444,88,3,1
28000,No,189,71,3,1
8949070,No,1276,59,3,3
4165346,No,119,77,3,0
5488546,No,335,37,3,0
4834114,No,697,40,4,1
6002770,No,157,77,3,0
4235918,No,771,45,3,0
4154861,No,571,78,3,0
7662837,No,692,73,3,1
4482386,No,444,92,3,1
6562744,No,309,82,3,0
3646621,No,911,76,3,0
7297643,No,977,57,3,1
2025234,No,1180,84,4,0
6838317,No,1313,59,3,3
8326903,No,1321,86,3,2
5527503,No,1154,54,3,1
3212908,No,508,72,3,1
864160,No,557,35,3,1
3956585,No,642,76,4,1
3746385,No,1162,98,3,2
1012651,No,1490,43,3,1
3395885,No,581,63,3,0
2589841,No,1395,48,3,0
4989722,No,501,95,3,1
1926079,No,267,49,3,0
6369636,No,543,83,3,2
3431298,No,234,68,3,1
2783140,No,116,52,3,0
3162279,No,201,99,3,1
8611368,No,801,48,3,2
4683498,No,161,42,4,1
8981235,No,1382,85,4,1
8675293,No,585,40,3,2
5609375,No,1037,42,3,0
4935065,No,501,58,3,0
5960289,No,105,87,3,0
134901,Yes,638,33,3,1
5792544,No,557,94,3,2
8202727,No,688,97,3,3
6684486,No,667,57,4,1
9579763,Yes,1092,36,3,3
408111,No,300,56,3,0
6461282,Yes,310,72,3,1
5118978,No,582,60,4,1
1019224,No,704,95,4,2
579174,No,301,88,4,1
3756678,No,930,57,3,1
1024678,No,529,78,3,0
4432220,No,1146,31,3,0
554300,No,345,100,3,1
7609304,Yes,878,94,3,2
2383090,No,1120,100,3,1
5018076,No,374,50,3,0
8362686,No,1322,52,3,0
9114481,No,1199,80,3,2
3446446,No,1194,98,3,3
7450170,No,287,62,3,1
748717,No,1378,46,3,1
6535431,No,468,73,3,0
3459571,Yes,410,39,3,1
956611,No,722,60,3,1
8921666,No,325,74,3,0
6951759,No,1167,30,3,0
7536967,No,884,41,3,1
9736015,No,613,42,3,1
5747226,No,155,87,4,1
1586705,No,1023,63,3,0
7529820,No,628,82,3,0
