e_id,Age,Gender
6368264,41,Female
6589733,49,Male
6921082,37,Male
8516310,33,Female
2305936,27,Male
2918357,32,Male
8546174,59,Female
9971859,30,Male
2020122,38,Male
662896,36,Male
8189431,35,Male
7964483,29,Female
996013,31,Male
5106803,34,Male
6819073,28,Male
4103784,29,Female
2162265,32,Male
9902858,22,Male
6379798,53,Female
5407456,38,Male
1848406,24,Female
4985316,36,Male
9810347,34,Female
6699419,21,Male
8773636,34,Male
9227257,53,Female
3523449,32,Female
7649988,42,Male
6811692,44,Female
9361443,46,Female
6763524,33,Male
9801099,44,Male
7152955,30,Male
2358008,39,Male
279070,24,Male
8385663,43,Female
3127401,50,Male
1767066,35,Female
4939494,36,Female
6091242,33,Female
1557424,35,Male
9560700,27,Female
9213141,26,Male
1212454,27,Male
8798290,30,Female
8233227,41,Female
7275990,34,Male
2697856,37,Male
6964644,46,Male
9241285,35,Male
5947556,48,Male
2030984,28,Male
469829,44,Female
7173071,35,Male
7589222,26,Female
6900384,33,Female
4173606,35,Male
1206241,35,Female
6790591,31,Male
3897856,37,Male
8557117,32,Male
1798447,38,Female
3800762,50,Female
4546332,59,Female
3728552,36,Female
8197309,55,Female
6182638,36,Male
6405065,45,Male
61098,35,Male
5964230,36,Male
8809335,59,Female
6800099,29,Male
2158981,31,Male
6672585,32,Male
9839090,36,Female
9314937,31,Female
175686,35,Male
9467532,45,Male
9537384,37,Male
3316062,46,Male
4525703,30,Male
6691084,35,Male
687317,55,Male
7573194,38,Female
97706,34,Male
9820200,56,Male
6107122,23,Male
186418,51,Male
8771157,30,Male
9786719,46,Male
5937024,40,Male
9241598,51,Male
2584255,30,Female
5358575,46,Male
412361,32,Male
7921986,54,Female
451578,24,Female
9480738,28,Male
9114424,58,Male
9769062,44,Male
9948082,37,Male
2588608,32,Male
4964841,20,Female
225487,34,Female
8719579,37,Male
5201973,59,Female
6061438,50,Female
5338319,25,Male
9341302,25,Male
9078723,22,Female
1939420,51,Female
7016582,34,Male
5798060,54,Female
9968623,24,Male
4187352,34,Female
2029494,37,Male
3041894,34,Female
1391845,36,Female
1544254,36,Female
3110029,43,Male
150215,30,Male
5138900,33,Male
8370179,56,Female
8245199,51,Male
7215615,31,Male
3143185,26,Female
4208196,58,Female
6095668,19,Male
9890366,22,Male
7887339,49,Female
9374484,43,Female
6170422,50,Female
7410915,31,Female
7034502,41,Male
3686095,26,Female
494657,36,Male
7292963,51,Male
9190993,39,Female
6914640,25,Male
8886795,30,Male
5220898,32,Female
1013259,45,Male
947978,38,Female
2929261,30,Female
3035809,32,Male
1346768,30,Female
5566104,30,Male
9579370,41,Male
5274663,41,Male
486187,19,Female
1244223,40,Female
9198283,35,Male
9042924,53,Male
2981578,45,Male
4287683,32,Female
5556794,29,Male
6049855,51,Male
3923626,58,Female
5102243,40,Male
6022364,34,Female
1892057,22,Male
173975,27,Male
3893386,28,Male
7474147,57,Male
8555887,27,Male
3695535,50,Female
8946832,41,Male
4503977,30,Female
728364,38,Female
6664677,32,Male
1955735,27,Male
8848012,19,Female
1840114,36,Male
4938583,30,Male
4689635,45,Female
6290229,56,Female
4536035,33,Male
5664384,19,Male
8026954,46,Female
3951099,38,Female
9608227,31,Female
878760,34,Female
2842095,41,Female
1722083,50,Male
3902591,53,Female
1263379,33,Female
3248975,40,Female
1374100,55,Male
7763532,34,Male
9779083,51,Female
3930519,52,Male
1916998,27,Female
5898066,35,Male
8591334,43,Male
5471640,45,Male
8094483,37,Male
317479,35,Female
9197033,42,Female
7918133,38,Male
1566275,38,Male
4193226,27,Male
4362508,49,Male
8436858,34,Male
4185942,40,Male
8980378,38,Male
5628651,29,Female
8775457,22,Male
8159916,36,Female
5011395,40,Male
549747,46,Male
5505237,32,Male
6102768,30,Male
3506862,27,Female
6476556,51,Male
1298335,30,Female
2553748,41,Female
3053074,30,Female
7779568,29,Male
9911411,45,Female
40685,54,Female
2822848,36,Male
6263826,33,Female
4044390,37,Male
1451057,38,Male
2736016,31,Male
5769550,59,Male
6015458,37,Male
4300611,29,Female
4367366,35,Female
9816654,29,Male
3771402,52,Female
9617171,42,Male
4250300,59,Male
114874,50,Female
7011851,33,Male
2109277,43,Female
2125017,33,Female
3206636,52,Male
210830,32,Female
8421373,32,Male
9062382,39,Female
1397052,32,Male
7863859,41,Male
2616899,40,Male
5464794,45,Male
5850062,31,Male
5578568,33,Female
7522509,34,Male
7096688,37,Female
6059522,45,Male
9351917,37,Male
2292787,39,Female
3386282,29,Male
9287168,42,Female
4962148,29,Male
175326,25,Female
7275603,42,Female
3181264,40,Male
4718349,51,Male
5419724,31,Male
4864395,32,Male
5205958,38,Male
7506117,32,Male
4411793,46,Female
3104620,28,Male
7585833,29,Male
1541508,31,Male
2791356,25,Male
5330719,45,Male
2179732,36,Male
9570073,55,Male
9530407,47,Male
8800172,28,Male
1544774,37,Male
2632976,21,Male
223408,37,Female
9945477,35,Female
8414325,38,Female
8586597,26,Female
5885115,50,Male
1568259,53,Male
4803152,42,Male
5940559,29,Male
2398196,55,Male
349928,26,Male
6489003,37,Female
629234,44,Male
8052684,38,Male
3431615,26,Male
7343461,28,Female
1331634,49,Female
4061428,36,Male
1527220,31,Female
92792,26,Male
2509368,37,Male
6681156,42,Female
3399264,18,Male
824792,35,Male
413447,36,Male
4459736,51,Male
2627497,41,Male
6600020,18,Female
651437,28,Male
5633098,31,Male
8839478,39,Male
4069052,36,Female
108833,32,Male
2635865,38,Female
6251902,58,Male
6351470,31,Male
6421360,31,Male
9225111,45,Male
2928142,31,Male
721340,33,Female
298639,39,Male
8540511,43,Female
8709179,49,Female
3462183,52,Male
614390,27,Female
9739421,32,Female
8356163,27,Male
1351570,31,Male
7973939,32,Female
7062783,28,Male
1565490,30,Female
2230020,31,Female
4197685,39,Male
6381364,39,Female
7780690,33,Male
2604435,47,Male
2885821,43,Female
1099387,27,Male
7333519,54,Female
2503031,43,Female
3084272,45,Male
9427080,40,Male
7464523,29,Male
1956031,29,Male
3412277,30,Female
3575870,27,Female
866323,37,Male
4981975,38,Male
3255759,31,Female
8406582,29,Female
4870009,35,Male
1461580,23,Male
7118215,41,Male
5876545,47,Male
6351159,42,Female
6009675,29,Male
639793,42,Male
4310805,32,Female
7862371,48,Female
5846547,37,Male
6072394,30,Female
7718927,26,Male
2468912,42,Male
4519070,21,Female
3504835,36,Female
4134660,36,Male
3405629,57,Male
3910534,40,Female
8527414,21,Male
2304727,33,Female
7746599,37,Female
1329814,46,Female
6565131,41,Male
7689673,50,Male
9911047,40,Male
7876504,31,Male
94109,21,Female
1525846,29,Male
5166298,35,Male
7759517,27,Male
7942449,28,Male
8889249,49,Male
4446089,51,Female
6789994,36,Female
3083086,34,Male
8086182,55,Female
4356539,24,Female
9807296,30,Male
6468738,26,Male
1274799,22,Female
4259864,36,Male
8407675,30,Male
3328617,37,Female
1493930,40,Female
3704622,42,Female
941924,37,Male
3493535,43,Male
7740540,40,Female
9021504,54,Male
310678,34,Female
2013949,31,Female
6377117,43,Male
1223680,43,Female
1559121,25,Female
2286096,37,Female
6341362,31,Male
5253811,39,Male
6557515,56,Female
736249,30,Female
4220433,41,Male
7804007,28,Male
5071051,25,Male
8552568,52,Male
3648771,45,Male
4853878,52,Female
8781553,42,Female
4084684,30,Female
7291531,60,Female
3639136,46,Female
8422501,42,Female
7400587,24,Female
4989980,34,Female
5821045,38,Male
9013007,40,Female
7572586,26,Female
7310945,30,Male
6495653,29,Male
1991382,29,Female
742839,19,Male
6550328,30,Female
5825060,57,Male
5511194,50,Male
6998906,30,Female
6855631,60,Female
285899,47,Female
6553073,46,Male
4469810,35,Male
9299485,54,Female
8304043,34,Male
6400134,46,Female
9382128,31,Male
9482739,33,Male
7148009,33,Male
8587750,30,Male
6582565,35,Male
6968434,31,Male
6152173,34,Female
1410726,42,Male
1584376,36,Male
8152661,22,Male
9576884,48,Female
909861,55,Female
4957648,41,Male
3060913,35,Male
64658,40,Female
1471326,39,Female
6998293,31,Male
3237059,42,Male
9875709,45,Male
3832003,26,Female
2441104,29,Male
1982802,33,Female
3870741,31,Male
8066440,18,Male
2586855,40,Male
3846634,41,Female
9410824,26,Male
794848,35,Female
3194680,34,Male
8801674,26,Male
2164449,37,Female
8869911,46,Female
7393904,41,Female
4821223,37,Male
7021095,52,Male
8903044,32,Male
1046041,24,Male
8817429,38,Female
6484884,37,Female
4803039,49,Male
3549841,24,Male
3975393,26,Male
3011194,24,Male
6475114,50,Male
1821597,25,Male
8553666,24,Female
2987235,30,Male
5851213,34,Male
8810214,31,Male
9254076,35,Male
6064843,31,Male
7162945,27,Female
4884127,37,Male
7088761,20,Female
3413237,42,Female
247945,43,Male
396830,38,Female
5641451,43,Male
6847718,48,Female
682135,44,Female
2167278,34,Female
8600205,27,Male
6899136,21,Male
1646370,44,Male
7762791,22,Male
1451122,33,Male
782241,32,Female
4226167,30,Female
2794767,53,Female
150677,34,Male
1600655,45,Female
8762906,26,Female
9832658,37,Male
6011095,29,Female
7542637,35,Male
8349520,33,Male
9461245,54,Male
7857277,36,Male
5845237,27,Male
7640396,20,Male
1673317,33,Male
444017,35,Male
2225399,23,Male
6462271,25,Male
2880728,38,Female
4286481,29,Male
4034780,48,Male
7268985,27,Female
6212256,37,Male
6307944,50,Male
849518,34,Female
7365682,24,Female
3969001,39,Female
1845247,32,Male
1627341,50,Male
3242551,38,Female
8678686,27,Female
9007786,32,Female
1880266,47,Male
4363574,40,Male
8535789,53,Male
9391725,41,Male
4606104,60,Male
8538668,27,Male
6906400,41,Male
5857253,50,Male
8080193,28,Female
851284,36,Female
458776,38,Female
2218954,44,Male
5753585,47,Female
8422305,30,Male
7262529,29,Male
7277934,42,Male
1114843,43,Male
9718038,34,Female
9676801,23,Male
6328431,39,Female
7748799,56,Male
9521952,40,Female
5970725,27,Female
7494567,29,Male
8275819,53,Male
6152789,35,Female
4079643,32,Male
6044604,38,Male
5132434,34,Female
2264548,52,Male
910898,33,Male
4561845,25,Female
4668542,45,Male
5672592,23,Male
9580838,47,Female
7543232,34,Male
1975019,55,Male
4197828,36,Male
6463373,52,Male
1337842,26,Female
9880389,29,Female
9913515,26,Male
2002535,34,Female
1459828,54,Female
2176427,27,Male
11815,37,Female
5911363,38,Female
307635,34,Female
9098649,35,Female
201450,30,Male
5399314,40,Female
6019633,34,Female
6524823,42,Male
4046288,23,Male
7143153,24,Male
1952774,52,Female
896574,50,Male
4337151,29,Female
5382975,33,Male
2233323,33,Female
9430955,47,Female
8385603,36,Female
4030549,29,Male
921995,58,Male
8463570,35,Female
3980013,42,Female
7050790,28,Male
2438072,36,Male
9923661,32,Female
7112615,40,Male
2680677,30,Female
3120403,45,Female
1684204,42,Male
6790008,38,Male
3695793,34,Female
2792026,49,Female
832339,55,Male
3096533,43,Male
6497798,27,Male
8046925,35,Male
7028686,28,Female
7786973,34,Male
4223013,26,Female
818196,27,Male
3664206,51,Female
7685211,44,Male
6494365,25,Male
9178430,33,Male
26146,35,Female
1596067,36,Male
553990,32,Male
4661006,30,Male
5643524,53,Female
4605336,45,Male
595669,32,Female
7320399,52,Female
2376005,37,Male
2978313,28,Male
5992089,22,Male
8285824,44,Male
9351597,42,Male
7620391,36,Male
3006501,25,Male
4914038,35,Female
3323949,35,Female
9993549,32,Male
1855499,25,Male
680428,49,Female
8452255,24,Male
7642668,32,Male
650947,38,Male
2055847,42,Female
1636949,31,Male
6290008,29,Female
4975660,53,Male
9325486,35,Male
9926252,37,Female
1011711,53,Female
5881536,43,Female
7152389,47,Female
5325672,37,Male
6646651,50,Male
4511206,39,Female
3720110,33,Male
1402004,32,Male
6272179,29,Female
2206147,44,Male
4970161,28,Male
6260536,58,Male
3820500,43,Female
9692384,20,Female
9446070,21,Female
2592004,36,Male
9105790,47,Female
4154807,22,Female
6192006,41,Female
3666018,28,Female
4114086,39,Male
6006595,27,Female
2637113,34,Male
3189962,42,Female
8274419,33,Male
8771309,58,Female
9037200,31,Male
5916693,35,Female
4845250,49,Female
1552564,48,Male
1878586,31,Female
8796445,36,Male
7544798,38,Female
562286,32,Female
3588146,25,Male
4993239,40,Male
9560317,26,Male
3609881,41,Male
1140800,36,Male
9363935,19,Male
2861511,20,Male
7884997,31,Female
1698102,40,Male
2439230,32,Female
6669762,36,Male
3027447,33,Female
9133581,37,Male
2947360,45,Male
8498126,29,Female
1419679,35,Female
1178552,52,Male
2393045,58,Male
9051050,53,Male
2903557,30,Male
1764639,38,Female
4232187,35,Male
9209598,39,Male
5639383,40,Female
3855304,47,Male
6558822,36,Male
3537149,31,Male
3370958,33,Male
1311434,29,Female
9957621,33,Female
6120837,45,Female
3939273,50,Male
5419151,33,Female
9550516,41,Male
1620247,27,Female
3039721,45,Male
3690713,47,Female
1276798,30,Female
3490913,50,Male
4392819,38,Male
387368,46,Male
4015620,24,Female
782052,35,Male
6164282,31,Female
7628943,18,Male
9632909,54,Female
7807247,35,Female
4941359,30,Female
5128747,20,Female
2859943,30,Female
6250609,26,Male
2910798,22,Male
4065317,48,Male
5932946,48,Male
7441272,41,Female
3528969,39,Female
6505718,27,Female
8320016,35,Male
8836389,42,Male
8812094,50,Male
9468778,59,Female
8801616,37,Female
1823508,55,Male
7039430,41,Female
4672512,38,Male
2900878,26,Male
8290057,52,Female
6420728,44,Female
5099771,50,Female
4320313,36,Female
8637157,39,Female
70834,33,Female
1680707,45,Female
7652034,32,Female
3885433,34,Male
5607541,59,Male
5808795,45,Male
839894,53,Female
9855623,36,Male
8837448,26,Male
421923,34,Female
3701355,28,Male
8590623,38,Male
699908,50,Male
2610884,37,Female
8682863,40,Male
6331310,26,Female
1374749,46,Male
9222549,54,Female
4209152,56,Female
3212814,36,Female
3410158,55,Male
5482124,43,Male
2756010,20,Female
5581094,21,Female
3675056,46,Female
8207348,51,Male
8669946,28,Male
1092576,26,Male
1861937,30,Male
926526,41,Female
7934798,38,Female
6987632,40,Male
5981308,27,Male
5737051,55,Male
2229082,28,Female
5890839,44,Male
7193016,33,Male
6642143,35,Male
832878,33,Female
4945203,28,Male
188884,34,Male
2863422,37,Female
9548946,25,Male
2261532,26,Male
4168421,33,Male
754780,42,Male
9776760,28,Male
9586353,50,Male
2352887,33,Female
3354805,34,Male
3826124,48,Male
3389547,45,Female
6482671,52,Male
3878209,38,Male
2566139,29,Female
7609085,28,Female
7334727,46,Male
9858211,38,Male
5233992,43,Female
9717688,39,Male
982936,40,Male
3141701,21,Female
4015282,39,Male
556827,36,Male
2203566,31,Male
979868,28,Male
6303502,35,Male
3702798,49,Male
1829482,34,Male
1417091,29,Female
969779,42,Male
9672454,29,Male
7654714,38,Male
1402232,28,Male
2480284,18,Male
414657,33,Female
3135913,41,Male
183475,31,Male
5187951,37,Female
8112504,27,Male
9532658,34,Female
6989606,35,Male
6190831,29,Female
165926,40,Female
7486390,42,Male
6062880,42,Male
6427598,35,Male
2097191,24,Male
1942472,28,Female
8319345,26,Male
4024885,30,Male
8186811,40,Female
5556603,35,Male
3645368,34,Male
9968074,35,Male
8939818,43,Female
2870162,32,Female
6095198,56,Female
1757969,29,Female
6487439,19,Male
2090163,45,Female
8492593,37,Female
8568768,20,Male
9846972,44,Male
3125338,53,Female
4263782,29,Female
1409898,22,Male
5824515,46,Female
9695681,44,Male
8934197,33,Male
5562500,41,Male
6426169,30,Male
2782540,40,Male
1909980,50,Female
7678253,28,Male
4396654,46,Male
9838790,35,Male
4289767,24,Female
9896631,33,Female
9944712,36,Male
4037067,30,Male
3068411,44,Male
158092,20,Male
9696114,46,Male
9601075,42,Male
5117520,60,Male
902204,32,Female
2731284,32,Female
2375814,36,Female
9036162,33,Male
7446913,40,Female
4312330,25,Male
7506544,30,Male
3915786,42,Female
4486795,35,Female
5654448,27,Male
4480176,54,Female
947939,44,Female
9701385,19,Female
4679015,29,Female
3776601,54,Male
235007,31,Male
8256263,31,Female
6129577,59,Female
1843193,43,Male
5669392,49,Male
3502587,36,Male
6187456,48,Male
5276056,27,Male
2589277,29,Male
5127916,48,Male
7711725,29,Female
4004001,34,Female
9519591,44,Male
9744420,33,Male
9240940,19,Female
1962754,23,Male
7816264,25,Male
2215568,26,Male
7522105,45,Female
8382213,55,Male
3661621,21,Female
8158584,46,Female
5171361,34,Female
9514182,51,Male
7792110,59,Male
7616883,34,Female
5645202,28,Male
9104282,44,Male
2336687,34,Male
2057304,35,Male
5505732,42,Female
4574744,43,Female
9615436,36,Female
6404685,44,Female
1648577,28,Male
9319794,51,Female
4555945,30,Female
1760069,29,Female
146665,28,Male
8122945,25,Female
2277695,32,Male
5292329,45,Female
3395151,39,Female
8527906,58,Male
9064066,32,Male
8348836,39,Male
4349564,30,Female
5644439,36,Female
2894126,46,Female
5537879,28,Female
8986346,50,Female
1078430,40,Male
3019896,52,Male
6251514,30,Female
3237690,39,Male
659674,31,Female
1805904,41,Male
3298477,31,Female
5577870,44,Male
4189066,42,Male
4763251,55,Female
2259306,56,Male
2666838,40,Male
8046403,34,Male
2521467,40,Male
5837251,41,Female
605419,35,Male
326417,51,Male
4130126,38,Female
3960958,34,Female
5845188,25,Male
6319534,58,Female
4206305,40,Male
6830614,36,Female
5896129,48,Male
4247205,27,Female
1822935,51,Female
3904187,18,Female
5263835,35,Female
1614087,27,Male
8062947,55,Male
1241050,56,Male
7261601,34,Female
7943718,40,Female
9205099,34,Male
2594618,31,Female
2323453,35,Female
892896,38,Male
2165209,34,Female
795229,28,Male
6340738,31,Male
3964278,39,Male
664974,51,Male
3617121,41,Female
9253872,37,Male
8735132,33,Male
3337868,32,Male
8783565,39,Male
3107385,25,Male
6099999,52,Female
1168574,43,Female
2089495,27,Female
2344730,27,Female
6530273,26,Male
3038232,42,Female
2579739,52,Female
5144693,37,Female
5231671,35,Male
7169172,25,Male
7815107,26,Male
4324324,29,Male
8919547,49,Male
9500022,29,Female
6186884,54,Female
6759518,58,Female
5849710,55,Male
2589444,36,Female
6115430,31,Female
9979651,30,Female
8272357,31,Female
415610,34,Male
3023099,31,Female
7546513,27,Male
2675981,36,Male
6280771,36,Female
6844970,47,Male
1938956,25,Male
4180948,37,Male
5342874,56,Female
8216357,47,Female
9335767,24,Female
3696593,32,Male
5385850,34,Female
8052401,41,Male
8364256,40,Male
6973299,31,Male
8256964,46,Male
7115863,39,Female
5191273,31,Female
5857385,45,Male
3849817,31,Female
7421117,31,Male
1428480,45,Male
3542730,48,Male
5938427,34,Female
9183937,40,Male
7098637,28,Male
8168978,44,Male
6664337,53,Male
7854389,49,Male
1023264,40,Male
6562383,44,Male
1098132,33,Male
847967,34,Male
9829950,30,Male
6982183,42,Female
2392126,44,Female
1938643,30,Male
2261841,57,Male
9030053,49,Male
1933292,34,Male
1947089,28,Male
8627666,29,Female
3990901,34,Female
1308579,35,Male
6649986,24,Male
9397811,24,Female
5666535,44,Male
1972230,29,Male
3727126,30,Male
1058913,55,Male
7668858,33,Female
6520712,47,Female
6085980,28,Male
2131678,28,Male
2792515,28,Male
7782851,49,Female
3169897,29,Female
333927,28,Male
8424286,33,Male
4106542,32,Male
1230036,54,Female
6625162,29,Male
2429757,44,Male
9439313,39,Female
5683685,46,Female
5533779,35,Female
3646780,23,Male
9552751,40,Male
7492079,34,Male
6341733,31,Female
2012090,50,Male
2797164,34,Male
4707999,42,Male
9835331,37,Male
2586058,29,Female
3262845,33,Male
2573967,45,Male
1163595,42,Male
1107914,40,Male
8250149,33,Male
9381147,40,Male
2567106,24,Male
3204794,40,Male
9013880,45,Male
6040828,35,Female
7810457,32,Female
6744749,36,Male
5775557,48,Female
9467649,29,Male
6321932,33,Male
8734708,30,Male
9790983,38,Male
1286629,35,Male
1412215,30,Male
6988316,35,Female
3720616,53,Female
2368721,38,Male
8786954,32,Male
4793707,48,Female
3160989,34,Male
7179468,55,Male
1213465,34,Male
9520685,26,Female
8899707,38,Male
2001085,38,Female
2336266,36,Female
7707721,29,Male
217094,35,Female
8628963,39,Male
1943063,29,Male
2315817,50,Male
4495480,23,Male
1250631,36,Male
3758891,42,Male
1728852,35,Male
706856,34,Male
1912896,40,Female
8264557,43,Male
8157143,35,Male
4138072,46,Male
2177079,28,Male
3926354,22,Female
1159705,50,Male
1739429,32,Female
9606947,44,Female
4012224,30,Male
4411093,45,Female
9854858,45,Male
872463,31,Male
7422904,36,Female
5269299,34,Male
2646701,49,Female
6267785,39,Male
2200690,27,Male
389884,35,Male
6855844,28,Female
1436968,21,Male
256534,18,Female
7059563,47,Female
9632950,39,Male
1000757,40,Female
6776575,35,Female
468323,37,Male
5581285,39,Female
1823272,45,Female
1586599,38,Female
2681494,35,Male
3528995,37,Female
6205342,40,Female
6187809,44,Male
1239723,48,Male
458957,35,Male
9491298,24,Female
3177039,27,Female
1109053,27,Male
5262917,40,Male
6342263,29,Male
752253,36,Female
1661552,25,Male
7272257,39,Male
5427884,49,Female
8096572,50,Female
7508403,20,Female
5156696,34,Female
6599164,36,Male
457873,49,Female
2081014,36,Female
8361561,36,Male
7612602,54,Female
330863,43,Male
1409616,35,Male
4841338,38,Male
4491563,29,Male
5453696,33,Male
2575734,32,Male
7498952,31,Female
3283495,49,Female
6677575,38,Female
2746735,47,Female
1847309,49,Male
6286270,41,Male
9631536,20,Male
1600282,33,Female
7849725,36,Male
6481487,44,Female
21094,23,Male
1008722,38,Female
7380352,53,Male
7623864,48,Female
4586186,32,Male
1537664,26,Male
7051464,55,Male
2343749,34,Male
9998061,60,Male
5328564,33,Male
5886205,37,Male
9795677,34,Female
8304925,23,Male
1497781,44,Female
3385031,35,Male
1325775,43,Male
4153828,24,Male
6099823,41,Male
7199907,29,Female
661805,36,Female
7776172,45,Male
7480957,24,Male
9290558,47,Male
5932745,26,Male
7905610,45,Female
1152264,32,Male
155973,31,Male
3582419,41,Male
1881761,40,Female
509961,24,Male
4706942,46,Male
3600185,35,Male
57075,30,Male
9181029,47,Male
6901718,46,Male
1347098,36,Male
410337,32,Male
6998102,23,Female
1607859,31,Female
2865843,39,Male
9092015,32,Male
7219702,40,Male
3052913,45,Female
6825806,30,Female
8818333,24,Male
6318122,30,Female
2609457,31,Male
5948772,27,Female
7570923,29,Female
4663876,29,Male
2683846,30,Male
3941814,34,Male
7699263,33,Female
1971529,49,Female
4472184,33,Female
4533515,38,Female
3605037,31,Male
8938552,29,Female
9143955,30,Male
5037895,32,Male
7834475,38,Male
9580187,43,Male
5539592,42,Male
3401272,55,Male
4783344,33,Male
6127874,41,Male
6412850,34,Male
5515119,53,Female
884517,43,Male
3988082,34,Female
9209998,21,Male
7266423,38,Female
9506128,22,Female
9645076,31,Female
5296798,51,Female
3599101,37,Male
9977414,46,Male
5650210,36,Male
3036183,44,Male
9765865,37,Male
6330055,35,Male
3683184,33,Male
5392132,28,Male
9056050,39,Male
36047,46,Male
2100839,40,Female
7146828,42,Male
3330061,35,Male
9317983,38,Male
7319158,34,Male
1955890,37,Male
1374918,39,Male
8343071,43,Male
6000207,41,Male
5994468,41,Female
6557034,30,Female
3142950,26,Female
4080890,46,Female
8186986,40,Female
8513119,34,Male
1889327,58,Male
489583,35,Male
4678163,47,Female
8236180,40,Female
4109982,54,Female
7700274,31,Female
9547110,28,Female
7444180,38,Female
9402221,26,Male
9276950,58,Male
407313,18,Female
3354826,31,Male
3658790,29,Male
4514851,45,Female
6512885,36,Female
3134877,43,Male
1460760,27,Female
5550162,29,Male
2894887,32,Male
679017,42,Male
7158897,47,Female
9486946,46,Male
2670773,28,Male
7439718,29,Male
4983555,42,Male
3206269,32,Male
8516136,46,Female
6770898,27,Female
158103,29,Male
9883860,43,Female
3906270,48,Male
5730500,29,Male
1333395,46,Female
4955961,27,Female
6944974,39,Male
1317601,55,Male
2377645,28,Female
1175496,30,Male
6090909,22,Male
4531582,36,Female
8016584,31,Male
9162286,34,Male
6011430,29,Male
6735731,37,Male
8047379,35,Female
5395078,45,Female
7999942,36,Male
8853747,40,Male
4183173,26,Female
211180,27,Female
57044,48,Female
403500,44,Male
891367,34,Male
8426238,56,Male
173093,36,Male
265720,41,Female
1269682,42,Male
5930683,31,Female
2852809,34,Female
1041242,31,Female
7485594,26,Male
5141241,45,Male
9823461,33,Male
1789077,28,Male
7775040,29,Male
7804278,39,Female
2812450,27,Male
9824791,34,Male
4682883,28,Female
5453888,47,Male
3771056,56,Female
3175816,39,Male
8043484,38,Female
4508622,58,Female
6566048,32,Female
7001640,38,Male
4535540,49,Male
2258042,42,Male
9602559,27,Female
2861933,35,Male
7669600,28,Male
3693205,31,Male
2260556,36,Male
5496491,34,Male
5423528,34,Male
6995839,26,Male
119737,29,Male
4203435,32,Female
1520627,31,Male
1824808,28,Male
6524688,38,Male
2668072,35,Female
1590551,27,Male
8757540,32,Male
1127289,31,Male
5601732,53,Male
5669114,54,Female
2482576,33,Male
4034663,43,Male
1582345,38,Male
28000,55,Male
8949070,31,Female
4165346,39,Male
5488546,42,Male
4834114,31,Female
6002770,54,Female
4235918,24,Male
4154861,23,Male
7662837,40,Female
4482386,40,Female
6562744,25,Female
3646621,30,Male
7297643,25,Male
2025234,47,Male
6838317,33,Male
8326903,38,Male
5527503,31,Male
3212908,38,Male
864160,42,Male
3956585,41,Male
3746385,47,Female
1012651,35,Male
3395885,22,Male
2589841,35,Male
4989722,33,Female
1926079,32,Female
6369636,40,Male
3431298,32,Male
2783140,39,Male
3162279,38,Female
8611368,32,Female
4683498,37,Female
8981235,25,Female
8675293,52,Male
5609375,44,Male
4935065,21,Male
5960289,39,Male
134901,23,Male
5792544,36,Female
8202727,36,Female
6684486,56,Male
9579763,29,Male
408111,42,Male
6461282,56,Male
5118978,41,Female
1019224,34,Female
579174,36,Male
3756678,41,Male
1024678,32,Male
4432220,35,Female
554300,38,Female
7609304,50,Male
2383090,36,Female
5018076,45,Female
8362686,40,Male
9114481,35,Male
3446446,40,Female
7450170,35,Female
748717,29,Male
6535431,29,Female
3459571,50,Male
956611,39,Female
8921666,31,Male
6951759,26,Female
7536967,36,Male
9736015,39,Male
5747226,27,Male
1586705,49,Male
7529820,34,Male
