,e_id,Age,Gender
0,1,11,Female
1,2,12,Male
2,3,13,Female
3,4,14,Male
4,5,15,Female
5,6,16,Male
6,7,17,Female
7,8,18,Male
8,9,19,Female
9,10,20,Male
10,11,21,Female
11,12,22,Male
12,13,23,Female
13,14,24,Male
14,15,25,Female
15,16,26,Male
16,17,27,Female
17,18,28,Male
18,19,29,Female
19,20,30,Male
20,21,31,Female
21,22,32,Male
22,23,33,Female
23,24,34,Male
24,25,35,Female
25,26,36,Male
26,27,37,Female
27,28,38,Male
28,29,39,Female
29,30,40,Male
30,31,41,Female
31,32,42,Male
32,33,43,Female
33,34,44,Male
34,35,45,Female
35,36,46,Male
36,37,47,Female
37,38,48,Male
38,39,49,Female
39,40,50,Male
40,41,51,Female
41,42,52,Male
42,43,53,Female
43,44,54,Male
44,45,55,Female
45,46,56,Male
46,47,57,Female
47,48,58,Male
48,49,59,Female
49,50,60,Male
50,51,61,Female
51,52,62,Male
52,53,63,Female
53,54,64,Male
54,55,65,Female
55,56,66,Male
56,57,67,Female
57,58,68,Male
58,59,69,Female
59,60,70,Male
60,61,71,Female
61,62,72,Male
62,63,73,Female
63,64,74,Male
64,65,75,Female
65,66,76,Male
66,67,77,Female
67,68,78,Male
68,69,79,Female
69,70,80,Male
70,71,81,Female
71,72,82,Male
72,73,83,Female
73,74,84,Male
74,75,10,Female
75,76,11,Male
76,77,12,Female
77,78,13,Male
78,79,14,Female
79,80,15,Male
80,81,16,Female
81,82,17,Male
82,83,18,Female
83,84,19,Male
84,85,20,Female
85,86,21,Male
86,87,22,Female
87,88,23,Male
88,89,24,Female
89,90,25,Male
90,91,26,Female
91,92,27,Male
92,93,28,Female
93,94,29,Male
94,95,30,Female
95,96,31,Male
96,97,32,Female
97,98,33,Male
98,99,34,Female
99,100,35,Male
100,101,36,Female
101,102,37,Male
102,103,38,Female
103,104,39,Male
104,105,40,Female
105,106,41,Male
106,107,42,Female
107,108,43,Male
108,109,44,Female
109,110,45,Male
110,111,46,Female
111,112,47,Male
112,113,48,Female
113,114,49,Male
114,115,50,Female
115,116,51,Male
116,117,52,Female
117,118,53,Male
118,119,54,Female
119,120,55,Male
120,121,56,Female
121,122,57,Male
122,123,58,Female
123,124,59,Male
124,125,60,Female
125,126,61,Male
126,127,62,Female
127,128,63,Male
128,129,64,Female
129,130,65,Male
130,131,66,Female
131,132,67,Male
132,133,68,Female
133,134,69,Male
134,135,70,Female
135,136,71,Male
136,137,72,Female
137,138,73,Male
138,139,74,Female
139,140,75,Male
140,141,76,Female
141,142,77,Male
142,143,78,Female
143,144,79,Male
144,145,80,Female
145,146,81,Male
146,147,82,Female
147,148,83,Male
148,149,84,Female
149,150,10,Male
150,151,11,Female
151,152,12,Male
152,153,13,Female
153,154,14,Male
154,155,15,Female
155,156,16,Male
156,157,17,Female
157,158,18,Male
158,159,19,Female
159,160,20,Male
160,161,21,Female
161,162,22,Male
162,163,23,Female
163,164,24,Male
164,165,25,Female
165,166,26,Male
166,167,27,Female
167,168,28,Male
168,169,29,Female
169,170,30,Male
170,171,31,Female
171,172,32,Male
172,173,33,Female
173,174,34,Male
174,175,35,Female
175,176,36,Male
176,177,37,Female
177,178,38,Male
178,179,39,Female
179,180,40,Male
180,181,41,Female
181,182,42,Male
182,183,43,Female
183,184,44,Male
184,185,45,Female
185,186,46,Male
186,187,47,Female
187,188,48,Male
188,189,49,Female
189,190,50,Male
190,191,51,Female
191,192,52,Male
192,193,53,Female
193,194,54,Male
194,195,55,Female
195,196,56,Male
196,197,57,Female
197,198,58,Male
198,199,59,Female
199,200,60,Male
200,201,61,Female
201,202,62,Male
202,203,63,Female
203,204,64,Male
204,205,65,Female
205,206,66,Male
206,207,67,Female
207,208,68,Male
208,209,69,Female
209,210,70,Male
210,211,71,Female
211,212,72,Male
212,213,73,Female
213,214,74,Male
214,215,75,Female
215,216,76,Male
216,217,77,Female
217,218,78,Male
218,219,79,Female
219,220,80,Male
220,221,81,Female
221,222,82,Male
222,223,83,Female
223,224,84,Male
224,225,10,Female
225,226,11,Male
226,227,12,Female
227,228,13,Male
228,229,14,Female
229,230,15,Male
230,231,16,Female
231,232,17,Male
232,233,18,Female
233,234,19,Male
234,235,20,Female
235,236,21,Male
236,237,22,Female
237,238,23,Male
238,239,24,Female
239,240,25,Male
240,241,26,Female
241,242,27,Male
242,243,28,Female
243,244,29,Male
244,245,30,Female
245,246,31,Male
246,247,32,Female
247,248,33,Male
248,249,34,Female
249,250,35,Male
250,251,36,Female
251,252,37,Male
252,253,38,Female
253,254,39,Male
254,255,40,Female
255,256,41,Male
256,257,42,Female
257,258,43,Male
258,259,44,Female
259,260,45,Male
260,261,46,Female
261,262,47,Male
262,263,48,Female
263,264,49,Male
264,265,50,Female
265,266,51,Male
266,267,52,Female
267,268,53,Male
268,269,54,Female
269,270,55,Male
270,271,56,Female
271,272,57,Male
272,273,58,Female
273,274,59,Male
274,275,60,Female
275,276,61,Male
276,277,62,Female
277,278,63,Male
278,279,64,Female
279,280,65,Male
280,281,66,Female
281,282,67,Male
282,283,68,Female
283,284,69,Male
284,285,70,Female
285,286,71,Male
286,287,72,Female
287,288,73,Male
288,289,74,Female
289,290,75,Male
290,291,76,Female
291,292,77,Male
292,293,78,Female
293,294,79,Male
294,295,80,Female
295,296,81,Male
296,297,82,Female
297,298,83,Male
298,299,84,Female
299,300,10,Male
300,301,11,Female
301,302,12,Male
302,303,13,Female
303,304,14,Male
304,305,15,Female
305,306,16,Male
306,307,17,Female
307,308,18,Male
308,309,19,Female
309,310,20,Male
310,311,21,Female
311,312,22,Male
312,313,23,Female
313,314,24,Male
314,315,25,Female
315,316,26,Male
316,317,27,Female
317,318,28,Male
318,319,29,Female
319,320,30,Male
320,321,31,Female
321,322,32,Male
322,323,33,Female
323,324,34,Male
324,325,35,Female
325,326,36,Male
326,327,37,Female
327,328,38,Male
328,329,39,Female
329,330,40,Male
330,331,41,Female
331,332,42,Male
332,333,43,Female
333,334,44,Male
334,335,45,Female
335,336,46,Male
336,337,47,Female
337,338,48,Male
338,339,49,Female
339,340,50,Male
340,341,51,Female
341,342,52,Male
342,343,53,Female
343,344,54,Male
344,345,55,Female
345,346,56,Male
346,347,57,Female
347,348,58,Male
348,349,59,Female
349,350,60,Male
350,351,61,Female
351,352,62,Male
352,353,63,Female
353,354,64,Male
354,355,65,Female
355,356,66,Male
356,357,67,Female
357,358,68,Male
358,359,69,Female
359,360,70,Male
360,361,71,Female
361,362,72,Male
362,363,73,Female
363,364,74,Male
364,365,75,Female
365,366,76,Male
366,367,77,Female
367,368,78,Male
368,369,79,Female
369,370,80,Male
370,371,81,Female
371,372,82,Male
372,373,83,Female
373,374,84,Male
374,375,10,Female
375,376,11,Male
376,377,12,Female
377,378,13,Male
378,379,14,Female
379,380,15,Male
380,381,16,Female
381,382,17,Male
382,383,18,Female
383,384,19,Male
384,385,20,Female
385,386,21,Male
386,387,22,Female
387,388,23,Male
388,389,24,Female
389,390,25,Male
390,391,26,Female
391,392,27,Male
392,393,28,Female
393,394,29,Male
394,395,30,Female
395,396,31,Male
396,397,32,Female
397,398,33,Male
398,399,34,Female
399,400,35,Male
400,401,36,Female
401,402,37,Male
402,403,38,Female
403,404,39,Male
404,405,40,Female
405,406,41,Male
406,407,42,Female
407,408,43,Male
408,409,44,Female
409,410,45,Male
410,411,46,Female
411,412,47,Male
412,413,48,Female
413,414,49,Male
414,415,50,Female
415,416,51,Male
416,417,52,Female
417,418,53,Male
418,419,54,Female
419,420,55,Male
420,421,56,Female
421,422,57,Male
422,423,58,Female
423,424,59,Male
424,425,60,Female
425,426,61,Male
426,427,62,Female
427,428,63,Male
428,429,64,Female
429,430,65,Male
430,431,66,Female
431,432,67,Male
432,433,68,Female
433,434,69,Male
434,435,70,Female
435,436,71,Male
436,437,72,Female
437,438,73,Male
438,439,74,Female
439,440,75,Male
440,441,76,Female
441,442,77,Male
442,443,78,Female
443,444,79,Male
444,445,80,Female
445,446,81,Male
446,447,82,Female
447,448,83,Male
448,449,84,Female
449,450,10,Male
450,451,11,Female
451,452,12,Male
452,453,13,Female
453,454,14,Male
454,455,15,Female
455,456,16,Male
456,457,17,Female
457,458,18,Male
458,459,19,Female
459,460,20,Male
460,461,21,Female
461,462,22,Male
462,463,23,Female
463,464,24,Male
464,465,25,Female
465,466,26,Male
466,467,27,Female
467,468,28,Male
468,469,29,Female
469,470,30,Male
470,471,31,Female
471,472,32,Male
472,473,33,Female
473,474,34,Male
474,475,35,Female
475,476,36,Male
476,477,37,Female
477,478,38,Male
478,479,39,Female
479,480,40,Male
480,481,41,Female
481,482,42,Male
482,483,43,Female
483,484,44,Male
484,485,45,Female
485,486,46,Male
486,487,47,Female
487,488,48,Male
488,489,49,Female
489,490,50,Male
490,491,51,Female
491,492,52,Male
492,493,53,Female
493,494,54,Male
494,495,55,Female
495,496,56,Male
496,497,57,Female
497,498,58,Male
498,499,59,Female
499,500,60,Male
500,501,61,Female
501,502,62,Male
502,503,63,Female
503,504,64,Male
504,505,65,Female
505,506,66,Male
506,507,67,Female
507,508,68,Male
508,509,69,Female
509,510,70,Male
510,511,71,Female
511,512,72,Male
512,513,73,Female
513,514,74,Male
514,515,75,Female
515,516,76,Male
516,517,77,Female
517,518,78,Male
518,519,79,Female
519,520,80,Male
520,521,81,Female
521,522,82,Male
522,523,83,Female
523,524,84,Male
524,525,10,Female
525,526,11,Male
526,527,12,Female
527,528,13,Male
528,529,14,Female
529,530,15,Male
530,531,16,Female
531,532,17,Male
532,533,18,Female
533,534,19,Male
534,535,20,Female
535,536,21,Male
536,537,22,Female
537,538,23,Male
538,539,24,Female
539,540,25,Male
540,541,26,Female
541,542,27,Male
542,543,28,Female
543,544,29,Male
544,545,30,Female
545,546,31,Male
546,547,32,Female
547,548,33,Male
548,549,34,Female
549,550,35,Male
550,551,36,Female
551,552,37,Male
552,553,38,Female
553,554,39,Male
554,555,40,Female
555,556,41,Male
556,557,42,Female
557,558,43,Male
558,559,44,Female
559,560,45,Male
560,561,46,Female
561,562,47,Male
562,563,48,Female
563,564,49,Male
564,565,50,Female
565,566,51,Male
566,567,52,Female
567,568,53,Male
568,569,54,Female
569,570,55,Male
570,571,56,Female
571,572,57,Male
572,573,58,Female
573,574,59,Male
574,575,60,Female
575,576,61,Male
576,577,62,Female
577,578,63,Male
578,579,64,Female
579,580,65,Male
580,581,66,Female
581,582,67,Male
582,583,68,Female
583,584,69,Male
584,585,70,Female
585,586,71,Male
586,587,72,Female
587,588,73,Male
588,589,74,Female
589,590,75,Male
590,591,76,Female
591,592,77,Male
592,593,78,Female
593,594,79,Male
594,595,80,Female
595,596,81,Male
596,597,82,Female
597,598,83,Male
598,599,84,Female
599,600,10,Male
600,601,11,Female
601,602,12,Male
602,603,13,Female
603,604,14,Male
604,605,15,Female
605,606,16,Male
606,607,17,Female
607,608,18,Male
608,609,19,Female
609,610,20,Male
610,611,21,Female
611,612,22,Male
612,613,23,Female
613,614,24,Male
614,615,25,Female
615,616,26,Male
616,617,27,Female
617,618,28,Male
618,619,29,Female
619,620,30,Male
620,621,31,Female
621,622,32,Male
622,623,33,Female
623,624,34,Male
624,625,35,Female
625,626,36,Male
626,627,37,Female
627,628,38,Male
628,629,39,Female
629,630,40,Male
630,631,41,Female
631,632,42,Male
632,633,43,Female
633,634,44,Male
634,635,45,Female
635,636,46,Male
636,637,47,Female
637,638,48,Male
638,639,49,Female
639,640,50,Male
640,641,51,Female
641,642,52,Male
642,643,53,Female
643,644,54,Male
644,645,55,Female
645,646,56,Male
646,647,57,Female
647,648,58,Male
648,649,59,Female
649,650,60,Male
650,651,61,Female
651,652,62,Male
652,653,63,Female
653,654,64,Male
654,655,65,Female
655,656,66,Male
656,657,67,Female
657,658,68,Male
658,659,69,Female
659,660,70,Male
660,661,71,Female
661,662,72,Male
662,663,73,Female
663,664,74,Male
664,665,75,Female
665,666,76,Male
666,667,77,Female
667,668,78,Male
668,669,79,Female
669,670,80,Male
670,671,81,Female
671,672,82,Male
672,673,83,Female
673,674,84,Male
674,675,10,Female
675,676,11,Male
676,677,12,Female
677,678,13,Male
678,679,14,Female
679,680,15,Male
680,681,16,Female
681,682,17,Male
682,683,18,Female
683,684,19,Male
684,685,20,Female
685,686,21,Male
686,687,22,Female
687,688,23,Male
688,689,24,Female
689,690,25,Male
690,691,26,Female
691,692,27,Male
692,693,28,Female
693,694,29,Male
694,695,30,Female
695,696,31,Male
696,697,32,Female
697,698,33,Male
698,699,34,Female
699,700,35,Male
700,701,36,Female
701,702,37,Male
702,703,38,Female
703,704,39,Male
704,705,40,Female
705,706,41,Male
706,707,42,Female
707,708,43,Male
708,709,44,Female
709,710,45,Male
710,711,46,Female
711,712,47,Male
712,713,48,Female
713,714,49,Male
714,715,50,Female
715,716,51,Male
716,717,52,Female
717,718,53,Male
718,719,54,Female
719,720,55,Male
720,721,56,Female
721,722,57,Male
722,723,58,Female
723,724,59,Male
724,725,60,Female
725,726,61,Male
726,727,62,Female
727,728,63,Male
728,729,64,Female
729,730,65,Male
730,731,66,Female
731,732,67,Male
732,733,68,Female
733,734,69,Male
734,735,70,Female
735,736,71,Male
736,737,72,Female
737,738,73,Male
738,739,74,Female
739,740,75,Male
740,741,76,Female
741,742,77,Male
742,743,78,Female
743,744,79,Male
744,745,80,Female
745,746,81,Male
746,747,82,Female
747,748,83,Male
748,749,84,Female
749,750,10,Male
750,751,11,Female
751,752,12,Male
752,753,13,Female
753,754,14,Male
754,755,15,Female
755,756,16,Male
756,757,17,Female
757,758,18,Male
758,759,19,Female
759,760,20,Male
760,761,21,Female
761,762,22,Male
762,763,23,Female
763,764,24,Male
764,765,25,Female
765,766,26,Male
766,767,27,Female
767,768,28,Male
768,769,29,Female
769,770,30,Male
770,771,31,Female
771,772,32,Male
772,773,33,Female
773,774,34,Male
774,775,35,Female
775,776,36,Male
776,777,37,Female
777,778,38,Male
778,779,39,Female
779,780,40,Male
780,781,41,Female
781,782,42,Male
782,783,43,Female
783,784,44,Male
784,785,45,Female
785,786,46,Male
786,787,47,Female
787,788,48,Male
788,789,49,Female
789,790,50,Male
790,791,51,Female
791,792,52,Male
792,793,53,Female
793,794,54,Male
794,795,55,Female
795,796,56,Male
796,797,57,Female
797,798,58,Male
798,799,59,Female
799,800,60,Male
800,801,61,Female
801,802,62,Male
802,803,63,Female
803,804,64,Male
804,805,65,Female
805,806,66,Male
806,807,67,Female
807,808,68,Male
808,809,69,Female
809,810,70,Male
810,811,71,Female
811,812,72,Male
812,813,73,Female
813,814,74,Male
814,815,75,Female
815,816,76,Male
816,817,77,Female
817,818,78,Male
818,819,79,Female
819,820,80,Male
820,821,81,Female
821,822,82,Male
822,823,83,Female
823,824,84,Male
824,825,10,Female
825,826,11,Male
826,827,12,Female
827,828,13,Male
828,829,14,Female
829,830,15,Male
830,831,16,Female
831,832,17,Male
832,833,18,Female
833,834,19,Male
834,835,20,Female
835,836,21,Male
836,837,22,Female
837,838,23,Male
838,839,24,Female
839,840,25,Male
840,841,26,Female
841,842,27,Male
842,843,28,Female
843,844,29,Male
844,845,30,Female
845,846,31,Male
846,847,32,Female
847,848,33,Male
848,849,34,Female
849,850,35,Male
850,851,36,Female
851,852,37,Male
852,853,38,Female
853,854,39,Male
854,855,40,Female
855,856,41,Male
856,857,42,Female
857,858,43,Male
858,859,44,Female
859,860,45,Male
860,861,46,Female
861,862,47,Male
862,863,48,Female
863,864,49,Male
864,865,50,Female
865,866,51,Male
866,867,52,Female
867,868,53,Male
868,869,54,Female
869,870,55,Male
870,871,56,Female
871,872,57,Male
872,873,58,Female
873,874,59,Male
874,875,60,Female
875,876,61,Male
876,877,62,Female
877,878,63,Male
878,879,64,Female
879,880,65,Male
880,881,66,Female
881,882,67,Male
882,883,68,Female
883,884,69,Male
884,885,70,Female
885,886,71,Male
886,887,72,Female
887,888,73,Male
888,889,74,Female
889,890,75,Male
890,891,76,Female
891,892,77,Male
892,893,78,Female
893,894,79,Male
894,895,80,Female
895,896,81,Male
896,897,82,Female
897,898,83,Male
898,899,84,Female
899,900,10,Male
900,901,11,Female
901,902,12,Male
902,903,13,Female
903,904,14,Male
904,905,15,Female
905,906,16,Male
906,907,17,Female
907,908,18,Male
908,909,19,Female
909,910,20,Male
910,911,21,Female
911,912,22,Male
912,913,23,Female
913,914,24,Male
914,915,25,Female
915,916,26,Male
916,917,27,Female
917,918,28,Male
918,919,29,Female
919,920,30,Male
920,921,31,Female
921,922,32,Male
922,923,33,Female
923,924,34,Male
924,925,35,Female
925,926,36,Male
926,927,37,Female
927,928,38,Male
928,929,39,Female
929,930,40,Male
930,931,41,Female
931,932,42,Male
932,933,43,Female
933,934,44,Male
934,935,45,Female
935,936,46,Male
936,937,47,Female
937,938,48,Male
938,939,49,Female
939,940,50,Male
940,941,51,Female
941,942,52,Male
942,943,53,Female
943,944,54,Male
944,945,55,Female
945,946,56,Male
946,947,57,Female
947,948,58,Male
948,949,59,Female
949,950,60,Male
950,951,61,Female
951,952,62,Male
952,953,63,Female
953,954,64,Male
954,955,65,Female
955,956,66,Male
956,957,67,Female
957,958,68,Male
958,959,69,Female
959,960,70,Male
960,961,71,Female
961,962,72,Male
962,963,73,Female
963,964,74,Male
964,965,75,Female
965,966,76,Male
966,967,77,Female
967,968,78,Male
968,969,79,Female
969,970,80,Male
970,971,81,Female
971,972,82,Male
972,973,83,Female
973,974,84,Male
974,975,10,Female
975,976,11,Male
976,977,12,Female
977,978,13,Male
978,979,14,Female
979,980,15,Male
980,981,16,Female
981,982,17,Male
982,983,18,Female
983,984,19,Male
984,985,20,Female
985,986,21,Male
986,987,22,Female
987,988,23,Male
988,989,24,Female
989,990,25,Male
990,991,26,Female
991,992,27,Male
992,993,28,Female
993,994,29,Male
994,995,30,Female
995,996,31,Male
996,997,32,Female
997,998,33,Male
998,999,34,Female
999,1000,35,Male
1000,1001,36,Female
1001,1002,37,Male
1002,1003,38,Female
1003,1004,39,Male
1004,1005,40,Female
1005,1006,41,Male
1006,1007,42,Female
1007,1008,43,Male
1008,1009,44,Female
1009,1010,45,Male
1010,1011,46,Female
1011,1012,47,Male
1012,1013,48,Female
1013,1014,49,Male
1014,1015,50,Female
1015,1016,51,Male
1016,1017,52,Female
1017,1018,53,Male
1018,1019,54,Female
1019,1020,55,Male
1020,1021,56,Female
1021,1022,57,Male
1022,1023,58,Female
1023,1024,59,Male
1024,1025,60,Female
1025,1026,61,Male
1026,1027,62,Female
1027,1028,63,Male
1028,1029,64,Female
1029,1030,65,Male
1030,1031,66,Female
1031,1032,67,Male
1032,1033,68,Female
1033,1034,69,Male
1034,1035,70,Female
1035,1036,71,Male
1036,1037,72,Female
1037,1038,73,Male
1038,1039,74,Female
1039,1040,75,Male
1040,1041,76,Female
1041,1042,77,Male
1042,1043,78,Female
1043,1044,79,Male
1044,1045,80,Female
1045,1046,81,Male
1046,1047,82,Female
1047,1048,83,Male
1048,1049,84,Female
1049,1050,10,Male
1050,1051,11,Female
1051,1052,12,Male
1052,1053,13,Female
1053,1054,14,Male
1054,1055,15,Female
1055,1056,16,Male
1056,1057,17,Female
1057,1058,18,Male
1058,1059,19,Female
1059,1060,20,Male
1060,1061,21,Female
1061,1062,22,Male
1062,1063,23,Female
1063,1064,24,Male
1064,1065,25,Female
1065,1066,26,Male
1066,1067,27,Female
1067,1068,28,Male
1068,1069,29,Female
1069,1070,30,Male
1070,1071,31,Female
1071,1072,32,Male
1072,1073,33,Female
1073,1074,34,Male
1074,1075,35,Female
1075,1076,36,Male
1076,1077,37,Female
1077,1078,38,Male
1078,1079,39,Female
1079,1080,40,Male
1080,1081,41,Female
1081,1082,42,Male
1082,1083,43,Female
1083,1084,44,Male
1084,1085,45,Female
1085,1086,46,Male
1086,1087,47,Female
1087,1088,48,Male
1088,1089,49,Female
1089,1090,50,Male
1090,1091,51,Female
1091,1092,52,Male
1092,1093,53,Female
1093,1094,54,Male
1094,1095,55,Female
1095,1096,56,Male
1096,1097,57,Female
1097,1098,58,Male
1098,1099,59,Female
1099,1100,60,Male
1100,1101,61,Female
1101,1102,62,Male
1102,1103,63,Female
1103,1104,64,Male
1104,1105,65,Female
1105,1106,66,Male
1106,1107,67,Female
1107,1108,68,Male
1108,1109,69,Female
1109,1110,70,Male
1110,1111,71,Female
1111,1112,72,Male
1112,1113,73,Female
1113,1114,74,Male
1114,1115,75,Female
1115,1116,76,Male
1116,1117,77,Female
1117,1118,78,Male
1118,1119,79,Female
1119,1120,80,Male
1120,1121,81,Female
1121,1122,82,Male
1122,1123,83,Female
1123,1124,84,Male
1124,1125,10,Female
1125,1126,11,Male
1126,1127,12,Female
1127,1128,13,Male
1128,1129,14,Female
1129,1130,15,Male
1130,1131,16,Female
1131,1132,17,Male
1132,1133,18,Female
1133,1134,19,Male
1134,1135,20,Female
1135,1136,21,Male
1136,1137,22,Female
1137,1138,23,Male
1138,1139,24,Female
1139,1140,25,Male
1140,1141,26,Female
1141,1142,27,Male
1142,1143,28,Female
1143,1144,29,Male
1144,1145,30,Female
1145,1146,31,Male
1146,1147,32,Female
1147,1148,33,Male
1148,1149,34,Female
1149,1150,35,Male
1150,1151,36,Female
1151,1152,37,Male
1152,1153,38,Female
1153,1154,39,Male
1154,1155,40,Female
1155,1156,41,Male
1156,1157,42,Female
1157,1158,43,Male
1158,1159,44,Female
1159,1160,45,Male
1160,1161,46,Female
1161,1162,47,Male
1162,1163,48,Female
1163,1164,49,Male
1164,1165,50,Female
1165,1166,51,Male
1166,1167,52,Female
1167,1168,53,Male
1168,1169,54,Female
1169,1170,55,Male
1170,1171,56,Female
1171,1172,57,Male
1172,1173,58,Female
1173,1174,59,Male
1174,1175,60,Female
1175,1176,61,Male
1176,1177,62,Female
1177,1178,63,Male
1178,1179,64,Female
1179,1180,65,Male
1180,1181,66,Female
1181,1182,67,Male
1182,1183,68,Female
1183,1184,69,Male
1184,1185,70,Female
1185,1186,71,Male
1186,1187,72,Female
1187,1188,73,Male
1188,1189,74,Female
1189,1190,75,Male
1190,1191,76,Female
1191,1192,77,Male
1192,1193,78,Female
1193,1194,79,Male
1194,1195,80,Female
1195,1196,81,Male
1196,1197,82,Female
1197,1198,83,Male
1198,1199,84,Female
1199,1200,10,Male
1200,1201,11,Female
1201,1202,12,Male
1202,1203,13,Female
1203,1204,14,Male
1204,1205,15,Female
1205,1206,16,Male
1206,1207,17,Female
1207,1208,18,Male
1208,1209,19,Female
1209,1210,20,Male
1210,1211,21,Female
1211,1212,22,Male
1212,1213,23,Female
1213,1214,24,Male
1214,1215,25,Female
1215,1216,26,Male
1216,1217,27,Female
1217,1218,28,Male
1218,1219,29,Female
1219,1220,30,Male
1220,1221,31,Female
1221,1222,32,Male
1222,1223,33,Female
1223,1224,34,Male
1224,1225,35,Female
1225,1226,36,Male
1226,1227,37,Female
1227,1228,38,Male
1228,1229,39,Female
1229,1230,40,Male
1230,1231,41,Female
1231,1232,42,Male
1232,1233,43,Female
1233,1234,44,Male
1234,1235,45,Female
1235,1236,46,Male
1236,1237,47,Female
1237,1238,48,Male
1238,1239,49,Female
1239,1240,50,Male
1240,1241,51,Female
1241,1242,52,Male
1242,1243,53,Female
1243,1244,54,Male
1244,1245,55,Female
1245,1246,56,Male
1246,1247,57,Female
1247,1248,58,Male
1248,1249,59,Female
1249,1250,60,Male
1250,1251,61,Female
1251,1252,62,Male
1252,1253,63,Female
1253,1254,64,Male
1254,1255,65,Female
1255,1256,66,Male
1256,1257,67,Female
1257,1258,68,Male
1258,1259,69,Female
1259,1260,70,Male
1260,1261,71,Female
1261,1262,72,Male
1262,1263,73,Female
1263,1264,74,Male
1264,1265,75,Female
1265,1266,76,Male
1266,1267,77,Female
1267,1268,78,Male
1268,1269,79,Female
1269,1270,80,Male
1270,1271,81,Female
1271,1272,82,Male
1272,1273,83,Female
1273,1274,84,Male
1274,1275,10,Female
1275,1276,11,Male
1276,1277,12,Female
1277,1278,13,Male
1278,1279,14,Female
1279,1280,15,Male
1280,1281,16,Female
1281,1282,17,Male
1282,1283,18,Female
1283,1284,19,Male
1284,1285,20,Female
1285,1286,21,Male
1286,1287,22,Female
1287,1288,23,Male
1288,1289,24,Female
1289,1290,25,Male
1290,1291,26,Female
1291,1292,27,Male
1292,1293,28,Female
1293,1294,29,Male
1294,1295,30,Female
1295,1296,31,Male
1296,1297,32,Female
1297,1298,33,Male
1298,1299,34,Female
1299,1300,35,Male
1300,1301,36,Female
1301,1302,37,Male
1302,1303,38,Female
1303,1304,39,Male
1304,1305,40,Female
1305,1306,41,Male
1306,1307,42,Female
1307,1308,43,Male
1308,1309,44,Female
1309,1310,45,Male
1310,1311,46,Female
1311,1312,47,Male
1312,1313,48,Female
1313,1314,49,Male
1314,1315,50,Female
1315,1316,51,Male
1316,1317,52,Female
1317,1318,53,Male
1318,1319,54,Female
1319,1320,55,Male
1320,1321,56,Female
1321,1322,57,Male
1322,1323,58,Female
1323,1324,59,Male
1324,1325,60,Female
1325,1326,61,Male
1326,1327,62,Female
1327,1328,63,Male
1328,1329,64,Female
1329,1330,65,Male
1330,1331,66,Female
1331,1332,67,Male
1332,1333,68,Female
1333,1334,69,Male
1334,1335,70,Female
1335,1336,71,Male
1336,1337,72,Female
1337,1338,73,Male
1338,1339,74,Female
1339,1340,75,Male
1340,1341,76,Female
1341,1342,77,Male
1342,1343,78,Female
1343,1344,79,Male
1344,1345,80,Female
1345,1346,81,Male
1346,1347,82,Female
1347,1348,83,Male
1348,1349,84,Female
1349,1350,10,Male
1350,1351,11,Female
1351,1352,12,Male
1352,1353,13,Female
1353,1354,14,Male
1354,1355,15,Female
1355,1356,16,Male
1356,1357,17,Female
1357,1358,18,Male
1358,1359,19,Female
1359,1360,20,Male
1360,1361,21,Female
1361,1362,22,Male
1362,1363,23,Female
1363,1364,24,Male
1364,1365,25,Female
1365,1366,26,Male
1366,1367,27,Female
1367,1368,28,Male
1368,1369,29,Female
1369,1370,30,Male
1370,1371,31,Female
1371,1372,32,Male
1372,1373,33,Female
1373,1374,34,Male
1374,1375,35,Female
1375,1376,36,Male
1376,1377,37,Female
1377,1378,38,Male
1378,1379,39,Female
1379,1380,40,Male
1380,1381,41,Female
1381,1382,42,Male
1382,1383,43,Female
1383,1384,44,Male
1384,1385,45,Female
1385,1386,46,Male
1386,1387,47,Female
1387,1388,48,Male
1388,1389,49,Female
1389,1390,50,Male
1390,1391,51,Female
1391,1392,52,Male
1392,1393,53,Female
1393,1394,54,Male
1394,1395,55,Female
1395,1396,56,Male
1396,1397,57,Female
1397,1398,58,Male
1398,1399,59,Female
1399,1400,60,Male
1400,1401,61,Female
1401,1402,62,Male
1402,1403,63,Female
1403,1404,64,Male
1404,1405,65,Female
1405,1406,66,Male
1406,1407,67,Female
1407,1408,68,Male
1408,1409,69,Female
1409,1410,70,Male
1410,1411,71,Female
1411,1412,72,Male
1412,1413,73,Female
1413,1414,74,Male
1414,1415,75,Female
1415,1416,76,Male
1416,1417,77,Female
1417,1418,78,Male
1418,1419,79,Female
1419,1420,80,Male
1420,1421,81,Female
1421,1422,82,Male
1422,1423,83,Female
1423,1424,84,Male
1424,1425,10,Female
1425,1426,11,Male
1426,1427,12,Female
1427,1428,13,Male
1428,1429,14,Female
1429,1430,15,Male
1430,1431,16,Female
1431,1432,17,Male
1432,1433,18,Female
1433,1434,19,Male
1434,1435,20,Female
1435,1436,21,Male
1436,1437,22,Female
1437,1438,23,Male
1438,1439,24,Female
1439,1440,25,Male
1440,1441,26,Female
1441,1442,27,Male
1442,1443,28,Female
1443,1444,29,Male
1444,1445,30,Female
1445,1446,31,Male
1446,1447,32,Female
1447,1448,33,Male
1448,1449,34,Female
1449,1450,35,Male
1450,1451,36,Female
1451,1452,37,Male
1452,1453,38,Female
1453,1454,39,Male
1454,1455,40,Female
1455,1456,41,Male
1456,1457,42,Female
1457,1458,43,Male
1458,1459,44,Female
1459,1460,45,Male
1460,1461,46,Female
1461,1462,47,Male
1462,1463,48,Female
1463,1464,49,Male
1464,1465,50,Female
1465,1466,51,Male
1466,1467,52,Female
1467,1468,53,Male
1468,1469,54,Female
1469,1470,55,Male
