date,cmg,tan,flsr,rgse
2014-05-19,501.290009,33.851028,59.830002,27720.0
2014-05-20,495.64999400000005,33.168442,58.630001,26280.0
2014-05-21,504.17999299999997,34.892876,60.389998999999996,24960.0
2014-05-22,520.47998,35.764076,60.630001,27840.0
2014-05-23,522.320007,36.356853,60.669998,28080.0
2014-05-27,536.039978,36.608334,61.259997999999996,28680.0
2014-05-28,538.26001,36.572407,61.869999,29400.0
2014-05-29,545.419983,37.614253999999995,63.41,29040.0
2014-05-30,547.090027,36.635273,61.779999,28560.0
2014-06-02,551.5599980000001,36.59935,62.700001,28200.0
2014-06-03,550.590027,35.862873,62.93,27600.0
2014-06-04,558.840027,36.0425,65.389999,28440.0
2014-06-05,561.030029,36.1413,64.019997,29040.0
2014-06-06,569.169983,35.782036,62.880001,28200.0
2014-06-09,568.5,36.0425,62.57,27360.0
2014-06-10,564.76001,35.97963,62.32,26880.0
2014-06-11,570.340027,36.311943,63.540001000000004,26760.0
2014-06-12,581.849976,36.832863,63.900002,27000.0
2014-06-13,588.26001,37.722027000000004,64.470001,27120.0
2014-06-16,594.01001,38.395638,66.849998,28440.0
2014-06-17,593.52002,39.769798,69.129997,33120.0
2014-06-18,594.909973,39.949425,69.75,34080.0
2014-06-19,594.539978,39.608131,68.269997,32400.0
2014-06-20,592.429993,40.209888,68.900002,31800.0
2014-06-23,599.590027,39.751831,70.150002,34080.0
2014-06-24,595.619995,38.494431,68.709999,32040.0
2014-06-25,599.5,39.293777,70.18,32400.0
2014-06-26,600.320007,39.787758000000004,71.470001,35520.0
2014-06-27,596.1400150000001,39.886551000000004,71.400002,35640.0
2014-06-30,592.51001,40.030254,71.059998,35760.0
2014-07-01,603.26001,39.850623999999996,70.690002,34800.0
2014-07-02,599.320007,39.715903999999995,69.849998,34800.0
2014-07-03,603.599976,40.147015,69.5,31800.0
2014-07-07,593.830017,38.781841,67.720001,30600.0
2014-07-08,586.590027,37.389713,64.389999,30600.0
2014-07-09,604.169983,37.973507,64.41999799999999,30120.0
2014-07-10,600.6099849999999,37.5424,63.669998,30000.0
2014-07-11,598.48999,37.85675,63.43,28920.0
2014-07-14,604.919983,38.05434,63.27,29280.0
2014-07-15,597.450012,37.784901,62.950001,27960.0
2014-07-16,590.469971,37.704066999999995,63.459998999999996,27360.0
2014-07-17,581.650024,36.356853,61.450001,26520.0
2014-07-18,592.419983,37.488514,62.360001000000004,27960.0
2014-07-21,589.929993,37.596287,62.900002,29040.0
2014-07-22,659.77002,38.18008,63.470001,28440.0
2014-07-23,661.27002,37.353790000000004,62.810001,28440.0
2014-07-24,660.200012,37.174155999999996,63.299999,28680.0
2014-07-25,673.580017,37.030457,64.050003,27720.0
2014-07-28,678.01001,37.120277,65.529999,27120.0
2014-07-29,674.3599849999999,36.778976,65.389999,27720.0
2014-07-30,681.830017,36.446667,65.58000200000001,27240.0
2014-07-31,672.5,35.404816,63.110001000000004,26760.0
2014-08-01,675.1400150000001,34.677319,62.029999,25320.0
2014-08-04,682.97998,34.722229,63.139998999999996,24720.0
2014-08-05,674.710022,35.476669,63.66,26760.0
2014-08-06,673.0,35.602409,65.599998,26520.0
2014-08-07,671.840027,36.374813,68.16999799999999,27480.0
2014-08-08,669.700012,36.258053000000004,67.83000200000001,26640.0
2014-08-11,680.539978,37.192122999999995,69.16999799999999,27600.0
2014-08-12,676.22998,36.563423,69.07,24600.0
2014-08-13,683.679993,37.488514,69.5,24960.0
2014-08-14,679.289978,37.704066999999995,69.209999,24840.0
2014-08-15,678.179993,37.93758,69.120003,24720.0
2014-08-18,684.830017,38.530357,70.279999,25080.0
2014-08-19,681.080017,39.096188,70.160004,26640.0
2014-08-20,678.409973,39.141098,70.83000200000001,22080.0
2014-08-21,681.070007,39.221928000000005,70.699997,22080.0
2014-08-22,676.950012,39.320721,70.459999,19920.0
2014-08-25,676.23999,39.644058,71.160004,19440.0
2014-08-26,683.8900150000001,39.617111,71.019997,18000.0
2014-08-27,677.030029,39.284797999999995,70.0,18600.0
2014-08-28,677.840027,38.665077000000004,69.150002,17880.0
2014-08-29,678.650024,38.970448,69.68,18000.0
2014-09-02,682.900024,38.907578,69.410004,17880.0
2014-09-03,680.099976,39.410542,71.660004,17040.0
2014-09-04,680.539978,40.084145,71.550003,17280.0
2014-09-05,677.950012,40.739796000000005,71.470001,17280.0
2014-09-08,678.369995,41.027195,71.790001,18960.0
2014-09-09,669.950012,39.841652,70.900002,19440.0
2014-09-10,671.3599849999999,40.560158,70.970001,18480.0
2014-09-11,672.72998,40.658958,71.620003,18360.0
2014-09-12,664.8099980000001,40.784698,72.779999,18840.0
2014-09-15,655.849976,39.105171,69.91999799999999,17880.0
2014-09-16,654.200012,39.087204,70.690002,17280.0
2014-09-17,653.23999,39.491371,71.690002,17520.0
2014-09-18,664.320007,39.859612,71.690002,17160.0
2014-09-19,664.090027,39.177021,70.870003,16800.0
2014-09-22,656.099976,37.982490999999996,67.16999799999999,17160.0
2014-09-23,654.580017,37.982490999999996,67.75,17040.0
2014-09-24,664.710022,38.692023999999996,68.43,17400.0
2014-09-25,653.3900150000001,37.551384000000006,67.199997,17160.0
2014-09-26,660.77002,37.901657,67.970001,17280.0
2014-09-29,662.9400019999999,37.317867,67.519997,18000.0
2014-09-30,666.590027,36.509537,65.809998,20640.0
2014-10-01,662.22998,35.39584,63.709998999999996,18120.0
2014-10-02,662.570007,35.350929,63.830002,18240.0
2014-10-03,674.5,35.96167,64.099998,17640.0
2014-10-06,671.130005,34.353989,62.369999,17760.0
2014-10-07,662.820007,33.940845,60.419998,17160.0
2014-10-08,672.099976,34.407883,62.189999,17760.0
2014-10-09,660.6099849999999,32.440945,56.490002000000004,16440.0
2014-10-10,655.580017,31.399096000000004,53.720001,14640.0
2014-10-13,639.530029,29.97105,50.509997999999996,13920.0
2014-10-14,651.169983,30.393177,52.0,14760.0
2014-10-15,647.380005,30.474012,53.240002000000004,14760.0
2014-10-16,645.97998,31.713449,54.220001,15600.0
2014-10-17,641.719971,32.234371,53.23,15000.0
2014-10-20,653.030029,33.357056,54.369999,14280.0
2014-10-21,607.549988,34.282139,56.349998,14280.0
2014-10-22,608.98999,33.285202000000005,54.75,14640.0
2014-10-23,610.0,33.680378000000005,56.27,14040.0
2014-10-24,615.780029,33.626492,56.439999,14040.0
2014-10-27,630.1099849999999,32.863071000000005,54.290001000000004,13680.0
2014-10-28,645.849976,33.958805,57.380001,13320.0
2014-10-29,639.8599849999999,33.527699,56.16,12480.0
2014-10-30,639.679993,33.491772,56.099998,11160.0
2014-10-31,638.0,34.443802000000005,58.900002,9720.0
2014-11-03,638.530029,34.273154999999996,58.310001,9600.0
2014-11-04,647.679993,33.833065000000005,56.869999,9600.0
2014-11-05,642.590027,33.024741999999996,56.259997999999996,9480.0
2014-11-06,647.119995,33.123535,56.41,10800.0
2014-11-07,649.030029,32.575668,50.290001000000004,11160.0
2014-11-10,648.8599849999999,32.144562,51.959998999999996,10440.0
2014-11-11,656.650024,32.009838,50.990002000000004,9720.0
2014-11-12,664.25,31.300301,49.59,9840.0
2014-11-13,670.75,30.752436,47.560001,9600.0
2014-11-14,669.799988,31.390118,48.490002000000004,9600.0
2014-11-17,658.320007,31.084746999999997,47.950001,10080.0
2014-11-18,658.090027,32.629559,49.459998999999996,10560.0
2014-11-19,658.5599980000001,32.755291,48.82,9840.0
2014-11-20,662.830017,33.114548,49.43,10560.0
2014-11-21,657.880005,34.030654999999996,49.759997999999996,9720.0
2014-11-24,659.539978,34.048621999999995,50.66,9480.0
2014-11-25,654.900024,33.806118,51.040001000000004,9960.0
2014-11-26,660.210022,33.761215,51.529999,9960.0
2014-11-28,663.619995,32.090672,48.799999,9480.0
2014-12-01,660.880005,30.429104,45.759997999999996,8760.0
2014-12-02,660.039978,31.012896,46.419998,9360.0
2014-12-03,651.27002,31.408081,47.119999,8640.0
2014-12-04,663.969971,31.309284,46.720001,8280.0
2014-12-05,660.570007,31.623631,46.91,7920.0
2014-12-08,657.030029,30.644655,44.650002,6840.0
2014-12-09,657.090027,30.734471999999997,45.060001,6600.0
2014-12-10,650.039978,30.617714000000003,43.07,6360.0
2014-12-11,654.3900150000001,30.797341999999997,43.040001000000004,7080.0
2014-12-12,657.669983,30.186605,42.119999,7200.0
2014-12-15,648.830017,29.620775,41.66,7080.0
2014-12-16,633.52002,29.126795,40.900002,7320.0
2014-12-17,649.150024,29.71957,42.349998,6960.0
2014-12-18,655.599976,30.267437,45.209998999999996,8400.0
2014-12-19,651.419983,30.725487,45.029999,7800.0
2014-12-22,667.659973,30.716507,43.84,7080.0
2014-12-23,669.210022,30.959011,44.060001,7320.0
2014-12-24,672.789978,31.224394,43.669998,7080.0
2014-12-26,678.0599980000001,31.581296999999996,44.34,7080.0
2014-12-29,692.6900019999999,31.077971999999995,44.419998,6360.0
2014-12-30,684.909973,30.794283,44.52,6000.0
2014-12-31,684.51001,31.206089000000002,44.599998,5760.0
2015-01-02,678.400024,31.096275,44.549999,6600.0
2015-01-05,667.6900019999999,30.281807,41.830002,5880.0
2015-01-06,664.380005,29.696121,40.860001000000004,6360.0
2015-01-07,694.26001,29.705271000000003,41.75,6240.0
2015-01-08,719.98999,30.400778000000003,43.630001,6960.0
2015-01-09,714.27002,30.602103999999997,44.200001,6720.0
2015-01-12,711.700012,30.364168,42.830002,6240.0
2015-01-13,714.0599980000001,30.949854,42.709998999999996,6120.0
2015-01-14,709.73999,30.931551000000002,42.279999,6120.0
2015-01-15,700.780029,29.760181,40.16,5880.0
2015-01-16,711.1099849999999,29.998114,40.720001,5880.0
2015-01-20,705.780029,29.357522999999997,39.830002,5640.0
2015-01-21,703.8900150000001,29.741877000000002,41.400002,5760.0
2015-01-22,713.4400019999999,29.860846999999996,41.900002,5760.0
2015-01-23,713.6900019999999,30.37332,42.540001000000004,5760.0
2015-01-26,723.429993,31.434875,44.169998,5880.0
2015-01-27,721.330017,31.919903,43.720001,5640.0
2015-01-28,711.98999,30.885797999999998,42.700001,5760.0
2015-01-29,714.530029,31.151186,42.360001000000004,5640.0
2015-01-30,709.840027,30.959011,42.32,5040.0
2015-02-02,712.549988,31.929046999999997,45.48,5040.0
2015-02-03,726.630005,33.475632,48.16,4440.0
2015-02-04,676.0,33.429871,46.98,4440.0
2015-02-05,670.909973,33.786774,46.900002,4560.0
2015-02-06,659.919983,33.896591,46.900002,4560.0
2015-02-09,648.01001,34.052162,46.330002,4440.0
2015-02-10,665.030029,34.50058,48.540001000000004,4440.0
2015-02-11,669.6400150000001,34.6287,48.77,4320.0
2015-02-12,670.289978,35.269295,49.419998,4800.0
2015-02-13,674.8900150000001,35.498077,48.84,4680.0
2015-02-17,670.929993,35.507225,49.619999,3120.0
2015-02-18,674.570007,35.589588,48.84,3840.0
2015-02-19,673.280029,35.122871,48.41,4920.0
2015-02-20,674.0,35.177776,49.02,5760.0
2015-02-23,671.169983,34.884937,49.639998999999996,8400.0
2015-02-24,667.909973,36.12952,54.700001,6120.0
2015-02-25,675.52002,36.285090999999994,58.540001000000004,5640.0
2015-02-26,670.289978,36.120365,58.68,5400.0
2015-02-27,664.969971,36.14782,59.75,4920.0
2015-03-02,670.8599849999999,37.072105,61.110001000000004,5160.0
2015-03-03,668.429993,37.630337,60.689999,4800.0
2015-03-04,664.159973,39.268429,61.200001,4440.0
2015-03-05,670.48999,41.290874,61.66,4800.0
2015-03-06,658.679993,40.07375,60.610001000000004,4320.0
2015-03-09,660.340027,39.433151,61.060001,4560.0
2015-03-10,654.73999,38.66444,59.860001000000004,4440.0
2015-03-11,660.77002,39.067101,59.290001000000004,4080.0
2015-03-12,670.3900150000001,39.478909,60.610001000000004,3480.0
2015-03-13,674.51001,39.158615000000005,60.599998,3240.0
2015-03-16,678.880005,39.497215000000004,60.220001,3360.0
2015-03-17,672.0,40.082896999999996,60.490002000000004,3720.0
2015-03-18,673.280029,40.796707,61.43,3720.0
2015-03-19,680.669983,40.686886,60.299999,3600.0
2015-03-20,686.650024,41.492207,60.259997999999996,3360.0
2015-03-23,687.340027,41.611179,60.580002,3120.0
2015-03-24,680.8099980000001,42.087047999999996,62.52,3360.0
2015-03-25,665.969971,40.293377,60.09,3360.0
2015-03-26,658.820007,40.101203999999996,59.619999,3240.0
2015-03-27,662.719971,40.677738,59.610001000000004,3240.0
2015-03-30,655.3599849999999,41.062092,60.689999,3000.0
2015-03-31,650.539978,40.659434999999995,59.790001000000004,3240.0
2015-04-01,652.530029,41.272572,60.830002,3000.0
2015-04-02,652.3900150000001,41.821659000000004,61.189999,3000.0
2015-04-06,660.02002,42.25177,61.509997999999996,3120.0
2015-04-07,658.460022,41.949776,61.27,2880.0
2015-04-08,654.549988,42.663578,60.650002,2760.0
2015-04-09,651.719971,43.651924,61.18,2880.0
2015-04-10,683.02002,43.944767,61.299999,2760.0
2015-04-13,683.72998,44.420643,61.41,2640.0
2015-04-14,677.849976,44.201008,61.07,2400.0
2015-04-15,677.599976,44.612815999999995,63.740002000000004,2400.0
2015-04-16,681.549988,45.015471999999995,62.889998999999996,2400.0
2015-04-17,683.950012,43.926464,61.939999,2280.0
2015-04-20,686.929993,43.926464,62.25,2400.0
2015-04-21,692.52002,44.33828,63.110001000000004,2280.0
2015-04-22,641.22998,44.859905,63.889998999999996,2400.0
2015-04-23,635.599976,45.710978999999995,64.75,2400.0
2015-04-24,637.5,44.393184999999995,63.43,2400.0
2015-04-27,643.75,44.228462,62.919998,2280.0
2015-04-28,639.580017,44.649421999999994,63.57,2400.0
2015-04-29,630.070007,43.972221000000005,61.939999,2400.0
2015-04-30,621.340027,43.01133,59.669998,2400.0
2015-05-01,634.0,43.459747,57.34,3120.0
2015-05-04,633.570007,43.395683,56.779999,2640.0
2015-05-05,625.669983,42.718486999999996,56.810001,2640.0
2015-05-06,627.22998,41.611179,55.66,2760.0
2015-05-07,628.820007,41.730140999999996,56.32,2640.0
2015-05-08,633.820007,43.047939,56.369999,2640.0
2015-05-11,635.669983,43.212662,56.380001,2520.0
2015-05-12,635.549988,43.047939,56.049999,2400.0
2015-05-13,635.320007,43.697681,56.77,2160.0
2015-05-14,634.530029,44.072887,56.560001,1920.0
2015-05-15,632.369995,44.329121,56.720001,1800.0
2015-05-18,636.099976,44.100338,56.18,1596.0
2015-05-19,636.75,43.487202,55.279999,1728.0
2015-05-20,628.23999,40.101203999999996,54.919998,1536.0
2015-05-21,633.3599849999999,41.181061,55.889998999999996,1500.0
2015-05-22,626.4400019999999,40.513011999999996,55.07,1410.0
2015-05-26,622.159973,40.192715,51.060001,1356.0
2015-05-27,612.5,39.982234999999996,51.279999,1344.0
2015-05-28,629.419983,38.975590000000004,50.75,1440.0
2015-05-29,615.52002,38.884075,49.709998999999996,1428.0
2015-06-01,614.900024,38.325844000000004,49.900002,1500.0
2015-06-02,610.570007,38.289238,50.950001,1470.0
2015-06-03,610.8900150000001,38.206875,50.830002,1458.0
2015-06-04,611.570007,37.831669,49.669998,1458.0
2015-06-05,613.799988,38.298386,51.299999,1470.0
2015-06-08,608.119995,37.547973999999996,49.849998,1494.0
2015-06-09,605.789978,36.651146000000004,49.169998,1488.0
2015-06-10,608.669983,37.502216,50.290001000000004,1638.0
2015-06-11,605.8599849999999,38.920677000000005,50.43,2082.0
2015-06-12,609.76001,38.746803,50.48,1872.0
2015-06-15,604.169983,38.902374,53.48,1854.0
2015-06-16,600.619995,38.847469,52.150002,1752.0
2015-06-17,606.840027,38.893227,51.759997999999996,1872.0
2015-06-18,606.200012,39.140308000000005,51.98,1824.0
2015-06-19,615.3099980000001,39.076252000000004,51.029999,1860.0
2015-06-22,619.25,38.984737,51.110001000000004,1902.0
2015-06-23,615.400024,39.204372,51.490002000000004,1974.0
2015-06-24,610.530029,38.957283000000004,51.360001000000004,2184.0
2015-06-25,607.380005,38.600384000000005,50.970001,2616.0
2015-06-26,609.460022,37.639492,49.950001,1896.0
2015-06-29,600.049988,35.726859999999995,47.84,1596.0
2015-06-30,604.98999,35.891586,46.98,1338.0
2015-07-01,606.570007,35.543831,46.040001000000004,1128.0
2015-07-02,609.5599980000001,35.278442,45.169998,1200.0
2015-07-06,607.169983,33.283446999999995,44.189999,1008.0
2015-07-07,620.5599980000001,33.036365999999994,45.119999,984.0
2015-07-08,612.849976,30.812584,43.27,852.0
2015-07-09,627.159973,32.240196000000005,43.650002,876.0
2015-07-10,639.419983,33.393269000000004,44.029999,942.0
2015-07-13,658.0,34.198586,46.009997999999996,978.0
2015-07-14,655.460022,34.646999,45.810001,906.0
2015-07-15,661.1900019999999,33.914894,44.490002000000004,888.0
2015-07-16,658.460022,34.326702000000004,44.759997999999996,894.0
2015-07-17,661.950012,34.299248,43.950001,900.0
2015-07-20,678.0,34.46397,43.279999,852.0
2015-07-21,673.070007,33.914894,43.48,894.0
2015-07-22,725.820007,33.512234,42.5,924.0
2015-07-23,725.9400019999999,32.835033,42.740002000000004,900.0
2015-07-24,728.789978,32.459827000000004,42.970001,942.0
2015-07-27,731.4400019999999,31.645359000000003,42.27,966.0
2015-07-28,730.780029,32.276802,43.380001,990.0
2015-07-29,738.419983,33.164482,45.540001000000004,990.0
2015-07-30,744.159973,32.990608,45.310001,996.0
2015-07-31,742.22998,32.322559000000005,44.299999,1038.0
2015-08-03,743.039978,31.31591,43.689999,1116.0
2015-08-04,748.090027,31.050521999999997,44.5,1272.0
2015-08-05,757.77002,32.569645,51.919998,1218.0
2015-08-06,749.599976,31.032219,51.200001,1254.0
2015-08-07,749.119995,30.464836,52.080002,1188.0
2015-08-10,744.23999,31.261003000000002,53.48,1068.0
2015-08-11,745.659973,29.998114,51.439999,846.0
2015-08-12,745.97998,30.290956,51.880001,840.0
2015-08-13,743.599976,30.483137,51.110001000000004,786.0
2015-08-14,748.340027,30.355017,51.509997999999996,834.0
2015-08-17,754.030029,30.739373999999998,51.740002000000004,804.0
2015-08-18,745.919983,30.245203000000004,51.630001,762.0
2015-08-19,745.280029,29.147039000000003,49.939999,672.0
2015-08-20,735.150024,27.499798,47.91,588.0
2015-08-21,720.01001,25.761039999999998,45.27,570.0
2015-08-24,704.25,24.72694,43.610001000000004,504.0
2015-08-25,695.3900150000001,25.294321,44.380001,480.0
2015-08-26,707.6400150000001,25.806798999999998,46.09,486.0
2015-08-27,727.169983,27.170348999999998,47.84,648.0
2015-08-28,721.200012,27.545555,47.799999,816.0
2015-08-31,710.01001,27.060534000000004,47.84,750.0
2015-09-01,706.710022,26.419940999999998,47.259997999999996,696.0
2015-09-02,723.869995,26.8409,47.959998999999996,732.0
2015-09-03,724.98999,27.252712,48.290001000000004,708.0
2015-09-04,719.22998,26.621269,46.939999,714.0
2015-09-08,732.1400150000001,27.627917999999998,49.110001000000004,732.0
2015-09-09,718.830017,27.600464000000002,47.73,732.0
2015-09-10,723.1900019999999,27.664521999999998,48.220001,726.0
2015-09-11,729.0599980000001,27.655371000000002,48.790001000000004,732.0
2015-09-14,726.799988,27.280163,46.200001,792.0
2015-09-15,732.080017,27.637068,46.580002,918.0
2015-09-16,730.01001,27.984819,47.759997999999996,816.0
2015-09-17,730.200012,27.847549,46.919998,798.0
2015-09-18,729.47998,26.932415000000002,45.330002,852.0
2015-09-21,731.1900019999999,26.969019,45.139998999999996,816.0
2015-09-22,726.969971,26.337576000000002,44.419998,798.0
2015-09-23,731.570007,25.294321,43.369999,768.0
2015-09-24,731.169983,24.964874,43.639998999999996,768.0
2015-09-25,730.280029,24.580517,43.290001000000004,786.0
2015-09-28,708.030029,23.198664,40.810001,738.0
2015-09-29,708.539978,23.281026999999998,41.02,690.0
2015-09-30,720.25,24.287676,42.75,708.0
2015-10-01,724.429993,24.370037,42.68,780.0
2015-10-02,724.450012,26.227759999999996,45.459998999999996,738.0
2015-10-05,728.080017,27.454040999999997,46.66,750.0
2015-10-06,713.25,27.710278999999996,48.880001,768.0
2015-10-07,720.159973,28.597959999999997,49.91,810.0
2015-10-08,734.77002,29.073829999999997,51.119999,804.0
2015-10-09,732.929993,29.00062,51.200001,792.0
2015-10-12,747.820007,28.579655,50.830002,750.0
2015-10-13,750.419983,28.286814,50.580002,810.0
2015-10-14,718.5599980000001,29.266008000000003,51.950001,846.0
2015-10-15,723.8099980000001,29.988964000000003,52.48,924.0
2015-10-16,722.700012,29.503944,52.049999,858.0
2015-10-19,718.6400150000001,28.909105,51.189999,780.0
2015-10-20,705.630005,28.753532,51.77,744.0
2015-10-21,665.669983,27.920761,49.939999,750.0
2015-10-22,650.619995,28.195299,49.889998999999996,756.0
2015-10-23,649.719971,28.442387,50.43,720.0
2015-10-26,659.6900019999999,28.067181,50.57,696.0
2015-10-27,656.549988,26.850052,49.16,684.0
2015-10-28,654.8900150000001,27.701128000000004,50.849998,726.0
2015-10-29,648.200012,27.756034999999997,50.990002000000004,726.0
2015-10-30,640.22998,27.271013,57.07,690.0
2015-11-02,624.0,27.783489000000003,57.779999,690.0
2015-11-03,623.159973,28.195299,58.349998,690.0
2015-11-04,614.97998,27.911608,58.66,678.0
2015-11-05,617.22998,27.536403999999997,58.330002,660.0
2015-11-06,612.400024,27.865852,59.669998,690.0
2015-11-09,609.289978,27.371678999999997,58.389998999999996,702.0
2015-11-10,628.880005,25.696981,55.869999,384.0
2015-11-11,621.840027,25.20281,54.75,360.0
2015-11-12,614.679993,24.635427,53.919998,306.0
2015-11-13,592.8900150000001,24.415796,52.720001,306.0
2015-11-16,588.73999,25.074688000000002,54.18,312.0
2015-11-17,583.580017,23.793503,52.75,318.0
2015-11-18,594.0,24.296825,53.939999,300.0
2015-11-19,611.51001,23.775198,53.279999,276.0
2015-11-20,536.1900019999999,24.095497,54.439999,252.0
2015-11-23,559.289978,24.241919,54.880001,258.0
2015-11-24,577.789978,24.781848999999998,56.169998,264.0
2015-11-25,580.830017,24.489006,56.400002,282.0
2015-11-27,576.619995,24.168707,56.099998,276.0
2015-11-30,579.549988,24.287676,56.509997999999996,264.0
2015-12-01,580.73999,25.01063,58.18,318.0
2015-12-02,574.659973,25.358381,59.669998,288.0
2015-12-03,565.3099980000001,25.587164,59.459998999999996,300.0
2015-12-04,561.200012,25.852554,59.84,300.0
2015-12-07,551.75,25.532259,59.32,288.0
2015-12-08,542.23999,25.102145999999998,59.07,282.0
2015-12-09,548.01001,25.340082000000002,58.849998,276.0
2015-12-10,575.429993,25.074688000000002,54.349998,276.0
2015-12-11,565.0,24.424944,55.259997999999996,300.0
2015-12-14,558.159973,25.971523,58.41,354.0
2015-12-15,554.8599849999999,26.749388,59.830002,384.0
2015-12-16,567.830017,29.137888,65.620003,444.0
2015-12-17,554.8900150000001,28.826744,64.480003,402.0
2015-12-18,541.080017,29.101282,63.41,438.0
2015-12-21,522.01001,30.117081,65.739998,510.0
2015-12-22,494.60998499999994,28.808441,64.989998,480.0
2015-12-23,497.48001100000005,29.128738000000002,66.16999799999999,456.0
2015-12-24,495.10000599999995,29.519292999999998,66.91999799999999,444.0
2015-12-28,493.51998899999995,28.980210999999997,66.400002,420.0
2015-12-29,489.94000199999994,28.56196,66.410004,432.0
2015-12-30,485.790009,28.441132,66.989998,432.0
2015-12-31,479.85000599999995,28.478308000000002,65.989998,378.0
2016-01-04,448.80999800000006,28.599138,66.720001,390.0
2016-01-05,449.02999900000003,28.162298,72.029999,378.0
2016-01-06,426.670013,27.613922,69.519997,372.0
2016-01-07,416.0,25.085821,66.220001,330.0
2016-01-08,413.290009,25.373951,65.620003,342.0
2016-01-11,411.100006,24.463091,65.41999799999999,324.0
2016-01-12,404.26001,23.933305999999998,65.220001,342.0
2016-01-13,428.27999900000003,23.096802,61.369999,324.0
2016-01-14,454.299988,23.245514,61.779999,330.0
2016-01-15,475.94000199999994,21.860636,61.32,318.0
2016-01-19,469.47000099999997,21.451677,61.490002000000004,318.0
2016-01-20,465.5,21.544621,61.27,312.0
2016-01-21,461.200012,21.804867,63.23,330.0
2016-01-22,450.76000999999997,22.641371,66.440002,354.0
2016-01-25,442.170013,22.037229999999997,64.139999,354.0
2016-01-26,448.14999400000005,23.143273999999998,67.400002,354.0
2016-01-27,442.64001500000006,22.883029999999998,65.639999,312.0
2016-01-28,453.079987,22.929502,65.879997,324.0
2016-01-29,452.97000099999997,23.431402,68.660004,330.0
2016-02-01,472.64001500000006,23.264103,69.129997,312.0
2016-02-02,475.670013,22.371832,66.129997,324.0
2016-02-03,461.73999000000003,22.585604,66.489998,300.0
2016-02-04,470.89999400000005,22.84585,67.199997,288.0
2016-02-05,460.14001500000006,22.251005,65.07,312.0
2016-02-08,445.0,21.024132,64.18,288.0
2016-02-09,440.92999299999997,20.680235,66.480003,300.0
2016-02-10,448.80999800000006,19.871614,64.410004,294.0
2016-02-11,461.39001500000006,18.914284,61.360001000000004,270.0
2016-02-12,480.57000700000003,18.98864,60.990002000000004,300.0
2016-02-16,492.94000199999994,20.141153,63.049999,270.0
2016-02-17,514.01001,20.717415,63.470001,264.0
2016-02-18,515.929993,20.726707,63.540001000000004,264.0
2016-02-19,511.579987,20.327044,62.759997999999996,276.0
2016-02-22,525.900024,20.754591,64.230003,264.0
2016-02-23,525.0599980000001,20.429282999999998,61.790001000000004,246.0
2016-02-24,514.8599849999999,20.959068,69.449997,276.0
2016-02-25,505.329987,21.052015,72.25,270.0
2016-02-26,506.01000999999997,21.488854999999997,70.25,270.0
2016-02-29,509.160004,21.795572,71.870003,282.0
2016-03-01,509.97000099999997,21.665451,69.019997,324.0
2016-03-02,525.6900019999999,22.269592000000003,69.139999,366.0
2016-03-03,524.289978,22.167353,69.709999,438.0
2016-03-04,529.0,22.418304,69.519997,450.0
2016-03-07,533.6900019999999,22.938795000000002,69.18,420.0
2016-03-08,524.6900019999999,22.409010000000002,66.870003,450.0
2016-03-09,506.630005,22.641371,68.489998,432.0
2016-03-10,503.67999299999997,22.278887,69.25,462.0
2016-03-11,507.85000599999995,22.817966000000002,70.32,444.0
2016-03-14,515.72998,22.799377,70.889999,450.0
2016-03-15,503.0,22.567014999999998,70.779999,432.0
2016-03-16,500.35000599999995,22.697138,72.059998,444.0
2016-03-17,471.589996,22.762201,73.209999,444.0
2016-03-18,455.369995,22.678549,72.440002,450.0
2016-03-21,462.48001100000005,22.752905,71.239998,438.0
2016-03-22,471.76000999999997,21.925695,71.290001,432.0
2016-03-23,474.459991,20.996248,68.230003,414.0
2016-03-24,471.369995,20.763885000000002,68.459999,384.0
2016-03-28,475.30999800000006,20.726707,68.400002,456.0
2016-03-29,460.0,20.77318,69.300003,420.0
2016-03-30,466.14999400000005,21.005541,68.970001,444.0
2016-03-31,470.97000099999997,21.061308,68.470001,432.0
2016-04-01,464.80999800000006,21.042719,67.480003,426.0
2016-04-04,465.0,20.605879,67.239998,312.0
2016-04-05,463.420013,20.447872,62.419998,300.0
2016-04-06,455.25,20.996248,62.759997999999996,318.0
2016-04-07,450.60000599999995,20.689531,61.259997999999996,300.0
2016-04-08,451.25,20.856831,60.630001,300.0
2016-04-11,444.209991,20.940481,59.959998999999996,312.0
2016-04-12,444.619995,21.423794,60.34,312.0
2016-04-13,444.660004,21.721216000000002,61.650002,306.0
2016-04-14,456.01000999999997,21.795572,60.419998,312.0
2016-04-15,469.290009,21.553917000000002,59.59,300.0
2016-04-18,460.119995,21.916401,60.360001000000004,318.0
2016-04-19,455.17999299999997,22.037229999999997,60.52,312.0
2016-04-20,458.0,22.455482,61.720001,324.0
2016-04-21,448.14001500000006,22.501953,61.939999,300.0
2016-04-22,442.73001100000005,22.613487,61.540001000000004,312.0
2016-04-25,443.10000599999995,22.251005,60.389998999999996,306.0
2016-04-26,445.920013,22.613487,61.240002000000004,318.0
2016-04-27,417.22000099999997,23.041035,62.029999,306.0
2016-04-28,423.39999400000005,22.474072,57.02,306.0
2016-04-29,420.97000099999997,22.139469000000002,55.84,306.0
2016-05-02,433.5,21.86993,54.849998,300.0
2016-05-03,437.950012,21.135662,52.849998,270.0
2016-05-04,433.299988,20.884712,51.779999,276.0
2016-05-05,435.0,20.531523,51.959998999999996,282.0
2016-05-06,433.80999800000006,20.568701,51.799999,282.0
2016-05-09,453.170013,20.113272,50.599998,276.0
2016-05-10,455.589996,19.890202,51.27,276.0
2016-05-11,454.0,20.094683,50.740002000000004,294.0
2016-05-12,457.01000999999997,19.67643,49.09,270.0
2016-05-13,458.35000599999995,19.499836,48.560001,192.0
2016-05-16,444.55999800000006,19.778669,49.07,210.0
2016-05-17,446.079987,19.620665,48.509997999999996,216.0
2016-05-18,448.60998499999994,19.704315,48.709998999999996,210.0
2016-05-19,450.64001500000006,19.453362,47.09,216.0
2016-05-20,449.920013,19.973854,48.02,192.0
2016-05-23,456.44000199999994,20.280573,49.040001000000004,198.0
2016-05-24,457.329987,20.503639,50.459998999999996,204.0
2016-05-25,458.040009,20.531523,50.560001,204.0
2016-05-26,452.02999900000003,20.419989,49.73,186.0
2016-05-27,445.410004,20.410694,49.900002,198.0
2016-05-31,441.959991,20.457167000000002,49.650002,180.0
2016-06-01,432.589996,20.540819,50.07,180.0
2016-06-02,443.48999000000003,20.429282999999998,49.84,153.0
2016-06-03,433.94000199999994,20.011034,49.25,141.0
2016-06-06,445.26998899999995,20.29916,50.150002,149.399994
2016-06-07,433.39001500000006,20.419989,50.549999,165.899994
2016-06-08,429.200012,20.568701,50.93,171.300003
2016-06-09,415.790009,20.131860999999997,50.450001,159.600006
2016-06-10,405.26001,19.193117,48.509997999999996,143.100006
2016-06-13,394.0,18.719097,47.790001000000004,139.5
2016-06-14,395.269989,18.654037,47.889998999999996,135.0
2016-06-15,390.309998,18.635447,48.200001,136.800003
2016-06-16,393.549988,18.616858999999998,48.389998999999996,136.199997
2016-06-17,397.269989,18.914284,48.52,139.199997
2016-06-20,396.940002,19.221003,49.32,138.0
2016-06-21,391.959991,19.128056,48.91,138.0
2016-06-22,392.98999,18.960756,48.619999,144.300003
2016-06-23,408.890015,19.379005,48.650002,153.600006
2016-06-24,400.730011,18.458851,46.02,142.5
2016-06-27,388.77999900000003,17.956948999999998,44.23,135.0
2016-06-28,391.670013,18.607565,46.369999,127.800003
2016-06-29,409.48999,19.183823,48.09,126.300003
2016-06-30,402.76001,19.481243,48.48,120.599998
2016-07-01,393.910004,19.518423000000002,48.490002000000004,123.0
2016-07-05,396.380005,19.165236,47.77,123.0
2016-07-06,401.049988,19.648546,49.130001,120.599998
2016-07-07,390.77999900000003,19.49054,44.34,117.900002
2016-07-08,399.709991,19.927382,45.599998,116.699997
2016-07-11,403.179993,20.215511,46.490002000000004,113.400002
2016-07-12,408.339996,20.2341,46.990002000000004,110.400002
2016-07-13,416.630005,19.927382,46.200001,105.300003
2016-07-14,417.980011,20.020326999999998,47.349998,109.199997
2016-07-15,404.859985,19.871614,47.73,154.5
2016-07-18,408.899994,20.206217000000002,47.950001,165.0
2016-07-19,415.309998,19.890202,47.740002000000004,246.30000299999998
2016-07-20,419.67999299999997,20.308456,48.43,197.699997
2016-07-21,418.070007,20.215511,48.330002,207.0
2016-07-22,442.48001100000005,20.094683,48.119999,187.199997
2016-07-25,441.51998899999995,20.271276,47.990002000000004,172.5
2016-07-26,430.85000599999995,20.568701,48.580002,177.600006
2016-07-27,426.05999800000006,20.410694,48.549999,176.699997
2016-07-28,430.549988,19.890202,47.130001,189.0
2016-07-29,423.98999000000003,19.908794,46.68,199.800003
2016-08-01,414.079987,20.122564,47.380001,187.199997
2016-08-02,402.640015,20.057505,47.759997999999996,179.100006
2016-08-03,402.559998,20.364222,49.240002000000004,188.399994
2016-08-04,397.200012,20.224804000000002,43.720001,267.0
2016-08-05,401.130005,20.419989,44.110001000000004,217.80000299999998
2016-08-08,401.399994,20.624468,43.810001,219.30000299999998
2016-08-09,395.100006,20.596584,41.66,224.69999700000002
2016-08-10,395.070007,19.76008,38.66,231.600006
2016-08-11,398.22000099999997,19.899498,39.009997999999996,233.399994
2016-08-12,397.329987,19.955265,38.790001000000004,219.600006
2016-08-15,397.480011,20.252686999999998,38.330002,245.399994
2016-08-16,400.859985,20.057505,37.740002000000004,220.80000299999998
2016-08-17,399.179993,19.86232,36.889998999999996,214.5
2016-08-18,394.910004,20.261982,37.52,214.80000299999998
2016-08-19,388.5,20.113272,37.799999,215.399994
2016-08-22,396.040009,19.787964000000002,37.68,213.0
2016-08-23,397.0,19.880909,37.450001,210.899994
2016-08-24,403.75,19.713606,37.32,219.0
2016-08-25,413.339996,19.611368,37.040001000000004,217.5
2016-08-26,418.75,19.629957,37.529999,217.5
2016-08-29,423.01998899999995,19.592779,37.59,215.399994
2016-08-30,415.149994,19.657841,38.25,216.30000299999998
2016-08-31,413.730011,19.434773999999997,37.82,216.600006
2016-09-01,414.679993,19.351122,38.439999,209.699997
2016-09-02,408.410004,19.639252,38.18,205.5
2016-09-06,414.070007,19.787964000000002,38.98,198.0
2016-09-07,438.450012,19.602076,38.490002000000004,178.5
2016-09-08,436.30999800000006,19.704315,38.470001,165.300003
2016-09-09,426.549988,19.230295,37.130001,152.699997
2016-09-12,428.89999400000005,19.258179000000002,37.43,160.199997
2016-09-13,421.35998499999994,18.644741,36.419998,152.699997
2016-09-14,414.899994,18.245079,35.029999,146.399994
2016-09-15,413.959991,18.403086,35.349998,128.399994
2016-09-16,409.320007,18.272963,34.82,78.0
2016-09-19,402.76001,18.114956,34.419998,67.800003
2016-09-20,400.420013,18.170723000000002,34.0,60.900002
2016-09-21,399.75,18.282257,34.029999,54.900002
2016-09-22,410.160004,18.66333,35.419998,55.5
2016-09-23,413.809998,18.635447,37.060001,60.0
2016-09-26,419.880005,18.533209,37.25,79.5
2016-09-27,418.950012,18.812044,39.09,167.699997
2016-09-28,418.309998,19.007227,39.080002,145.199997
2016-09-29,420.73001100000005,18.839926000000002,39.080002,124.5
2016-09-30,423.5,18.877104,39.490002000000004,114.300003
2016-10-03,430.869995,18.709803,38.57,69.599998
2016-10-04,427.26998899999995,18.496029,38.209998999999996,69.900002
2016-10-05,427.839996,19.23959,39.740002000000004,76.800003
2016-10-06,424.48999000000003,19.248882000000002,39.75,83.699997
2016-10-07,429.910004,18.774866,37.580002,76.800003
2016-10-10,437.880005,19.072289,38.580002,71.400002
2016-10-11,423.01998899999995,18.830631,38.279999,65.699997
2016-10-12,418.519989,18.728392000000003,38.240002000000004,71.400002
2016-10-13,409.809998,18.812044,38.68,70.199997
2016-10-14,404.140015,18.784159,39.470001,69.300003
2016-10-17,394.350006,18.737686,39.299999,67.800003
2016-10-18,393.959991,18.942165,39.57,62.099998
2016-10-19,405.25,19.267473000000003,41.919998,62.700001
2016-10-20,405.100006,19.258179000000002,42.080002,59.099998
2016-10-21,411.940002,19.128056,42.25,53.400002
2016-10-24,413.350006,18.70051,40.869999,63.599998
2016-10-25,405.670013,18.486734,40.68,56.700001
2016-10-26,368.019989,18.375204,41.110001000000004,58.200001
2016-10-27,368.589996,18.170723000000002,41.060001,53.700001
2016-10-28,370.079987,17.975538,40.650002,48.900002
2016-10-31,360.76001,17.752472,40.490002000000004,38.400002
2016-11-01,359.920013,17.659527,41.049999,40.200001
2016-11-02,369.630005,17.613054,40.580002,29.4
2016-11-03,374.709991,17.120447,34.509997999999996,30.0
2016-11-04,370.429993,17.018207999999998,32.48,27.299999
2016-11-07,382.48999,17.334219,33.759997999999996,27.0
2016-11-08,378.540009,17.529405999999998,33.490002000000004,26.1
2016-11-09,369.519989,16.55348,32.099998,23.1
2016-11-10,391.829987,16.423359,31.950001,23.700001
2016-11-11,397.079987,16.321119,32.060001,23.1
2016-11-14,414.179993,16.330414,33.080002,21.9
2016-11-15,400.0,16.460537,33.189999,20.4
2016-11-16,402.899994,16.404770000000003,32.82,21.0
2016-11-17,402.899994,16.246763,31.16,21.0
2016-11-18,411.799988,16.098053,29.209999,19.5
2016-11-21,412.380005,15.893574,29.379998999999998,18.6
2016-11-22,405.98999,16.144524,29.66,16.799999
2016-11-23,410.410004,16.423359,29.780001000000002,16.200001
2016-11-25,410.27999900000003,16.618544,30.6,18.0
2016-11-28,399.390015,16.599954999999998,31.110001,17.1
2016-11-29,395.109985,16.265354000000002,29.950001,15.9
2016-11-30,396.329987,16.293236,30.32,13.2
2016-12-01,402.380005,16.125937,30.139999,13.8
2016-12-02,400.02999900000003,16.060876999999998,30.15,13.5
2016-12-05,396.269989,16.395473000000003,32.349998,15.3
2016-12-06,366.369995,16.609251,32.049999,11.7
2016-12-07,368.059998,16.934555,33.59,11.1
2016-12-08,369.059998,17.194803,33.169998,6.9
2016-12-09,370.0,17.064678,33.540001000000004,7.8
2016-12-12,382.480011,16.730076,33.700001,7.2
2016-12-13,377.22000099999997,16.665016,33.619999,6.6
2016-12-14,375.700012,16.302532,32.540001000000004,6.3
2016-12-15,382.350006,16.349003,32.610001000000004,5.7
2016-12-16,392.070007,16.404770000000003,35.110001000000004,6.3
2016-12-19,389.5,16.757960999999998,34.98,6.6
2016-12-20,389.47000099999997,16.646429,34.470001,6.6
2016-12-21,393.5,16.423359,33.200001,10.5
2016-12-22,391.160004,16.423359,32.68,8.1
2016-12-23,389.769989,16.350096,32.619999,8.1
2016-12-27,388.75,16.476914999999998,33.990002000000004,7.8
2016-12-28,385.369995,16.262297,32.799999,8.1
2016-12-29,376.609985,16.291563,32.57,7.8
2016-12-30,377.320007,16.164742999999998,32.09,7.2
2017-01-03,374.769989,16.545204000000002,33.540001000000004,7.5
2017-01-04,381.859985,16.925667,34.169998,8.7
2017-01-05,391.890015,17.032974,33.880001,8.1
2017-01-06,398.440002,16.974443,33.32,7.5
2017-01-09,395.059998,17.032974,33.57,7.5
2017-01-10,414.480011,17.140285000000002,33.389998999999996,7.5
2017-01-11,413.929993,17.267107,35.0,7.5
2017-01-12,409.350006,17.081753,34.869999,7.5
2017-01-13,410.75,17.237841,35.75,7.5
2017-01-17,405.869995,17.364658,35.169998,7.2
2017-01-18,409.73999,17.296371,34.41,7.2
2017-01-19,408.869995,17.208572,34.419998,7.2
2017-01-20,405.200012,17.257351,34.75,6.9
2017-01-23,407.72000099999997,17.179308,33.66,6.9
2017-01-24,417.880005,17.091509,32.529999,6.0
2017-01-25,419.540009,17.354906,32.900002,5.7
2017-01-26,418.730011,17.247595,32.279999,3.72
2017-01-27,416.600006,17.120775,31.48,3.57
2017-01-30,417.950012,16.759825,31.02,4.58
2017-01-31,421.44000199999994,16.867134,31.190001000000002,3.87
2017-02-01,420.23001100000005,16.945176999999997,31.790001,2.93
2017-02-02,423.299988,16.8964,31.59,2.63
2017-02-03,404.079987,17.04273,32.150002,2.66
2017-02-06,395.589996,16.984198000000003,32.130001,2.45
2017-02-07,398.640015,16.867134,31.790001,2.85
2017-02-08,402.940002,16.935423,31.549999,2.18
2017-02-09,415.309998,16.993954000000002,32.23,2.27
2017-02-10,413.359985,17.354906,32.849998,2.08
2017-02-13,414.140015,17.637812,33.330002,2.12
2017-02-14,419.540009,17.735367,33.919998,2.06
2017-02-15,423.339996,18.125584,34.73,1.93
2017-02-16,424.76000999999997,17.989008,34.110001000000004,2.0
2017-02-17,427.60998499999994,18.076807000000002,34.84,2.1
2017-02-21,432.35998499999994,18.496288,36.619999,1.88
2017-02-22,427.60998499999994,18.262159,33.57,1.81
2017-02-23,422.380005,18.486534,37.189999,1.85
2017-02-24,420.89999400000005,18.496288,37.900002,1.78
2017-02-27,421.670013,18.632868,37.830002,1.78
2017-02-28,418.73999,18.301182,36.189999,1.68
2017-03-01,419.149994,18.193870999999998,35.02,1.67
2017-03-02,416.290009,17.998764,35.52,1.52
2017-03-03,416.089996,17.803654,34.610001000000004,1.44
2017-03-06,411.679993,17.764631,33.330002,1.46
2017-03-07,404.899994,17.598791000000002,32.630001,1.48
2017-03-08,406.5,17.540257999999998,32.66,1.48
2017-03-09,410.480011,17.491482,32.48,1.7
2017-03-10,407.75,17.432949,32.400002,1.41
2017-03-13,405.869995,17.579280999999998,32.84,1.38
2017-03-14,403.100006,17.374414,32.07,1.32
2017-03-15,400.959991,17.647568,33.0,1.27
2017-03-16,400.950012,17.891455,32.98,1.32
2017-03-17,402.579987,17.520746,31.83,1.42
2017-03-20,396.369995,17.423192999999998,30.34,1.33
2017-03-21,407.519989,17.081753,29.040001,1.35
2017-03-22,416.309998,16.984198000000003,28.870001000000002,1.32
2017-03-23,414.880005,16.8964,28.58,1.33
2017-03-24,414.019989,16.867134,28.309998999999998,1.36
2017-03-27,414.959991,16.867134,28.23,1.41
2017-03-28,426.23001100000005,16.935423,28.280001000000002,1.41
2017-03-29,434.339996,16.915910999999998,28.030001000000002,1.43
2017-03-30,443.920013,16.876888,27.469998999999998,1.38
2017-03-31,445.51998899999995,16.85738,27.1,1.38
2017-04-03,452.75,16.837868,26.33,1.38
2017-04-04,449.410004,16.935423,26.82,1.28
2017-04-05,452.44000199999994,16.789089,26.58,1.26
2017-04-06,450.290009,16.818357000000002,26.620001000000002,1.22
2017-04-07,447.339996,16.779336999999998,26.809998999999998,1.2
2017-04-10,454.27999900000003,17.081753,27.969998999999998,1.25
2017-04-11,453.0,17.071997,28.1,1.18
2017-04-12,458.35000599999995,17.062241,27.91,1.13
2017-04-13,463.619995,16.886644,27.42,1.15
2017-04-17,469.89001500000006,17.00371,27.34,1.19
2017-04-18,468.51000999999997,16.964686999999998,26.889999,1.14
2017-04-19,476.959991,16.779336999999998,26.540001,1.1
2017-04-20,478.39001500000006,16.701292000000002,26.74,1.1
2017-04-21,479.089996,16.623248999999998,26.799999,1.1
2017-04-24,468.790009,16.837868,27.08,1.25
2017-04-25,471.76000999999997,17.013466,27.540001,1.24
2017-04-26,482.98999000000003,17.111019,28.99,1.25
2017-04-27,482.0,17.111019,29.440001000000002,1.29
2017-04-28,474.47000099999997,17.071997,29.549999,1.25
2017-05-01,477.579987,17.032974,29.549999,1.25
2017-05-02,486.85998499999994,17.237841,30.32,1.25
2017-05-03,479.97000099999997,17.306128,33.91,1.21
2017-05-04,472.39999400000005,17.101263,34.240002000000004,1.14
2017-05-05,475.299988,17.432949,34.540001000000004,1.17
2017-05-08,471.14999400000005,17.403681,35.150002,1.26
2017-05-09,479.130005,17.579280999999998,35.779999,1.39
2017-05-10,486.420013,17.754877,36.57,1.35
2017-05-11,488.51998899999995,17.735367,36.619999,1.14
2017-05-12,489.329987,17.696344,36.380001,1.15
2017-05-15,495.30999800000006,17.891455,37.209998999999996,1.12
2017-05-16,496.14001500000006,17.754877,36.779999,1.14
2017-05-17,479.829987,17.384171,34.98,1.11
2017-05-18,484.73999000000003,17.325638,34.959998999999996,1.09
2017-05-19,484.98999000000003,17.647568,36.34,1.12
2017-05-22,482.790009,17.735367,36.43,1.06
2017-05-23,475.0,17.754877,36.470001,1.09
2017-05-24,478.799988,18.018272,38.900002,1.09
2017-05-25,481.39001500000006,18.106071,37.939999,1.07
2017-05-26,480.14999400000005,17.949986,36.84,1.07
2017-05-30,475.700012,18.115828,39.5,1.03
2017-05-31,477.35000599999995,18.057295,38.509997999999996,0.9
2017-06-01,483.60000599999995,18.096315,38.32,0.87
2017-06-02,478.07000700000003,18.096315,38.330002,0.91
2017-06-05,472.60000599999995,17.959742000000002,37.669998,0.89
2017-06-06,470.48001100000005,18.164606,37.439999,0.88
2017-06-07,462.23001100000005,18.037785,36.939999,0.89
2017-06-08,459.69000199999994,18.359714999999998,37.799999,0.87
2017-06-09,460.85000599999995,18.145094,36.650002,0.86
2017-06-12,461.549988,18.037785,36.400002,0.87
2017-06-13,464.22000099999997,18.232895000000003,36.459998999999996,0.85
2017-06-14,459.69000199999994,18.037785,36.189999,0.84
2017-06-15,455.670013,17.745123,35.73,0.84
2017-06-16,451.089996,17.891455,35.830002,0.82
2017-06-19,458.910004,18.15485,36.349998,0.82
2017-06-20,425.60000599999995,18.184114,35.450001,0.83
2017-06-21,417.600006,18.447512,37.23,0.81
2017-06-22,420.920013,18.915771,38.419998,1.0
2017-06-23,415.27999900000003,19.315744,39.740002000000004,1.04
2017-06-26,413.98999,19.403545,40.169998,0.95
2017-06-27,413.980011,19.276723999999998,40.049999,0.91
2017-06-28,416.869995,19.432812,40.490002000000004,0.98
2017-06-29,419.179993,19.325502,40.080002,0.98
2017-06-30,416.100006,19.403545,39.880001,0.98
2017-07-03,417.329987,19.471832,40.07,0.95
2017-07-05,413.25,19.081615,39.040001000000004,0.94
2017-07-06,412.76001,18.974307999999997,38.669998,1.03
2017-07-07,413.890015,19.276723999999998,39.400002,0.97
2017-07-10,407.549988,19.315744,39.540001000000004,0.95
2017-07-11,396.079987,19.442567999999998,39.810001,0.92
2017-07-12,396.950012,19.823029000000002,41.790001000000004,0.93
2017-07-13,400.040009,19.686451,41.529999,0.89
2017-07-14,395.829987,20.135202,42.939999,0.87
2017-07-17,392.0,20.125446,42.720001,0.94
2017-07-18,374.980011,20.45713,44.02,0.92
2017-07-19,372.829987,20.954657,45.669998,0.91
2017-07-20,356.049988,20.925392000000002,46.27,0.93
2017-07-21,345.339996,20.798571,45.150002,0.91
2017-07-24,339.980011,20.915636,44.98,0.87
2017-07-25,348.619995,20.798571,45.459998999999996,0.88
2017-07-26,340.600006,20.779058,45.439999,0.87
2017-07-27,349.839996,20.691259,44.810001,0.93
2017-07-28,350.5,21.071722,48.869999,0.9
2017-07-31,343.769989,21.110743,49.310001,0.91
2017-08-01,347.23999,21.2083,49.650002,0.92
2017-08-02,351.059998,20.876614,48.630001,0.91
2017-08-03,345.359985,21.071722,47.299999,0.91
2017-08-04,344.559998,21.296097,47.98,0.9
2017-08-07,339.450012,21.735092,48.57,0.89
2017-08-08,333.640015,21.442429,47.84,0.85
2017-08-09,334.609985,21.305853,47.43,0.84
2017-08-10,322.649994,20.720526,46.75,0.75
2017-08-11,326.410004,20.944902,47.540001000000004,0.71
2017-08-14,322.399994,21.188786999999998,48.869999,0.69
2017-08-15,322.77999900000003,21.393652,49.09,0.64
2017-08-16,320.130005,21.2083,49.07,0.69
2017-08-17,317.920013,20.720526,47.77,0.71
2017-08-18,311.23999,21.100986,48.060001,0.71
2017-08-21,308.589996,20.613216,45.959998999999996,0.7
2017-08-22,305.51001,20.740038000000002,46.59,0.68
2017-08-23,297.089996,20.788815,46.48,0.71
2017-08-24,301.920013,20.974169,47.200001,0.71
2017-08-25,308.790009,20.954657,47.419998,0.86
2017-08-28,312.019989,20.915636,48.02,0.87
2017-08-29,310.369995,20.954657,48.400002,0.84
2017-08-30,315.130005,20.974169,48.09,0.83
2017-08-31,316.709991,21.169279,46.959998999999996,0.79
2017-09-01,319.950012,21.383896,47.84,0.79
2017-09-05,308.320007,21.286343,47.860001000000004,0.82
2017-09-06,317.880005,21.335119,47.349998,0.81
2017-09-07,317.25,21.461939,47.450001,0.8
2017-09-08,300.02999900000003,21.305853,46.91,0.82
2017-09-11,305.140015,21.344873,47.16,0.8
2017-09-12,308.829987,21.305853,47.48,0.81
2017-09-13,311.600006,21.344873,46.830002,0.81
2017-09-14,310.589996,21.900935999999998,48.43,0.89
2017-09-15,313.089996,21.822891000000002,50.450001,0.84
2017-09-18,301.869995,21.725336,48.540001000000004,0.83
2017-09-19,303.410004,22.008244,48.860001000000004,0.83
2017-09-20,312.390015,21.783869,48.849998,0.84
2017-09-21,313.22000099999997,21.471695,48.759997999999996,0.83
2017-09-22,314.309998,21.647292999999998,51.41,0.86
2017-09-25,320.829987,20.710772,46.880001,0.84
2017-09-26,319.209991,20.642483,46.169998,0.85
2017-09-27,313.850006,21.110743,47.049999,0.88
2017-09-28,316.52999900000003,20.964413,46.139998999999996,0.86
2017-09-29,307.829987,21.120499,45.880001,0.87
2017-10-02,301.809998,21.140009,47.18,0.84
2017-10-03,302.98999,21.286343,47.23,0.82
2017-10-04,306.809998,21.344873,47.650002,2.37
2017-10-05,310.350006,21.413162,47.93,1.8
2017-10-06,307.640015,21.393652,48.209998999999996,1.59
2017-10-09,303.920013,21.100986,46.91,1.81
2017-10-10,310.880005,21.422916,47.669998,1.7
2017-10-11,311.48999,21.325364999999998,47.200001,2.1
2017-10-12,314.170013,21.598516,47.110001000000004,1.99
2017-10-13,326.450012,21.832645,47.599998,2.11
2017-10-16,320.390015,21.988733,47.310001,2.25
2017-10-17,329.299988,22.086287,47.240002000000004,2.1
2017-10-18,318.23999,22.115553,46.939999,2.07
2017-10-19,325.269989,21.754602,47.639998999999996,2.35
2017-10-20,324.76001,21.969223,47.73,2.23
2017-10-23,320.450012,22.437483,48.919998,2.21
2017-10-24,324.299988,22.349684,48.610001000000004,2.14
2017-10-25,277.01001,22.369196,47.389998999999996,2.03
2017-10-26,281.519989,22.574057,47.919998,2.13
2017-10-27,276.119995,23.383759,57.669998,2.13
2017-10-30,268.700012,23.539845,60.43,2.27
2017-10-31,271.899994,23.393515,54.82,2.2
2017-11-01,270.200012,23.500823999999998,57.209998999999996,1.98
2017-11-02,279.459991,23.549601000000003,57.869999,1.95
2017-11-03,273.52999900000003,23.744711,59.869999,1.82
2017-11-06,275.769989,24.183704000000002,61.470001,1.75
2017-11-07,274.5,23.871531,60.959998999999996,1.64
2017-11-08,273.899994,24.056883,61.790001000000004,1.58
2017-11-09,275.0,23.754467,60.540001000000004,1.64
2017-11-10,279.450012,24.066639000000002,61.59,1.72
2017-11-13,277.5,24.251993,61.57,1.65
2017-11-14,280.899994,24.505634,61.279999,1.6
2017-11-15,285.450012,23.842264,60.599998,1.65
2017-11-16,283.700012,24.115416,60.349998,1.74
2017-11-17,289.839996,23.949574,60.18,1.83
2017-11-20,283.25,24.408079,61.060001,1.78
2017-11-21,279.51001,24.359301000000002,60.240002000000004,1.72
2017-11-22,281.269989,24.417832999999998,60.509997999999996,1.69
2017-11-24,279.309998,24.778783999999998,60.610001000000004,1.65
2017-11-27,274.519989,24.33979,61.650002,1.7
2017-11-28,285.859985,24.495878,62.130001,1.66
2017-11-29,301.98999,23.861774,60.02,1.59
2017-11-30,304.390015,23.969084,62.099998,1.58
2017-12-01,307.589996,23.617887,60.299999,1.6
2017-12-04,315.600006,22.759411,57.27,1.47
2017-12-05,315.559998,22.915497,61.209998999999996,1.37
2017-12-06,310.670013,22.895986999999998,63.240002000000004,1.26
2017-12-07,313.649994,23.266693,68.43,1.3
2017-12-08,315.899994,23.754467,70.019997,1.3
2017-12-11,313.390015,23.891041,70.050003,1.26
2017-12-12,318.380005,23.608133,68.910004,1.43
2017-12-13,319.700012,23.83251,68.480003,1.36
2017-12-14,314.019989,23.881285000000002,67.889999,1.33
2017-12-15,312.119995,23.930063,68.959999,1.3
2017-12-18,313.420013,24.281257999999998,70.629997,1.33
2017-12-19,313.170013,24.105660999999998,69.150002,1.3
2017-12-20,298.670013,24.203215,68.690002,1.32
2017-12-21,292.399994,24.583676999999998,69.110001,1.33
2017-12-22,295.230011,24.671476000000002,68.849998,1.39
2017-12-26,295.519989,24.517559,68.040001,1.36
2017-12-27,295.420013,24.875042,68.839996,1.82
2017-12-28,294.820007,25.053785,68.349998,1.57
2017-12-29,289.02999900000003,24.954483,67.519997,1.48
2018-01-02,292.950012,25.510574,70.43,1.35
2018-01-03,309.0,25.808477,69.800003,1.33
2018-01-04,307.109985,25.609876999999997,69.139999,1.26
2018-01-05,313.790009,25.729035999999997,69.16999799999999,1.32
2018-01-08,318.47000099999997,25.748898,69.620003,1.29
2018-01-09,319.369995,25.738968,70.019997,1.27
2018-01-10,321.799988,25.748898,69.639999,1.26
2018-01-11,325.5,26.384426,76.269997,1.25
2018-01-12,327.339996,26.414219,73.410004,1.25
2018-01-16,327.369995,25.748898,71.220001,1.24
2018-01-17,334.630005,25.798548,72.0,1.17
2018-01-18,337.52999900000003,25.798548,71.089996,1.15
2018-01-19,343.869995,25.788618,70.029999,1.14
2018-01-22,330.0,25.570154000000002,68.959999,1.15
2018-01-23,328.709991,25.391410999999998,68.480003,1.53
2018-01-24,329.52999900000003,25.023996,68.980003,1.39
2018-01-25,333.97000099999997,25.222599,70.440002,1.48
2018-01-26,330.230011,25.331831,70.559998,1.4
2018-01-29,332.329987,25.401342,68.349998,1.34
2018-01-30,322.079987,25.014067,67.089996,1.28
2018-01-31,324.76001,24.884974,67.16999799999999,1.31
2018-02-01,314.72000099999997,24.567209,67.550003,1.31
2018-02-02,311.640015,23.882026999999997,66.440002,1.28
2018-02-05,300.299988,23.028033999999998,63.5,1.2
2018-02-06,304.329987,23.266357,63.48,1.17
2018-02-07,272.209991,23.028033999999998,62.939999,1.13
2018-02-08,266.01001,22.342854,60.689999,1.12
2018-02-09,255.460007,22.243551,61.220001,1.16
2018-02-12,254.44999700000002,22.859222,62.52,1.21
2018-02-13,251.330002,23.355729999999998,64.220001,1.21
2018-02-14,289.910004,23.802585999999998,65.239998,1.16
2018-02-15,286.649994,24.448048,65.82,1.19
2018-02-16,305.630005,24.66651,65.849998,1.19
2018-02-20,317.570007,24.736021,66.58000200000001,1.17
2018-02-21,320.959991,24.875042,66.699997,1.2
2018-02-22,313.910004,24.726091,66.279999,1.18
2018-02-23,315.820007,24.736021,61.790001000000004,1.16
2018-02-26,311.890015,24.894903,65.099998,1.17
2018-02-27,319.149994,24.457975,63.48,1.15
2018-02-28,318.410004,24.100492000000003,62.849998,1.14
2018-03-01,313.26001,24.170002,62.09,1.13
2018-03-02,319.98999,24.140210999999997,64.33000200000001,1.1
2018-03-05,320.160004,24.477837,66.050003,1.1
2018-03-06,318.040009,24.716160000000002,67.449997,1.08
2018-03-07,319.950012,24.577139000000003,67.949997,1.09
2018-03-08,321.859985,24.706229999999998,67.690002,1.11
2018-03-09,322.160004,25.073647,67.900002,1.12
2018-03-12,323.76001,25.232529,70.050003,1.13
2018-03-13,326.799988,25.014067,69.150002,1.11
2018-03-14,319.660004,25.103437,69.519997,1.08
2018-03-15,318.910004,24.984276,68.739998,1.09
2018-03-16,320.200012,25.043855999999998,69.870003,1.1
2018-03-19,316.799988,25.083576,71.260002,1.08
2018-03-20,320.170013,25.441063,73.0,1.09
2018-03-21,334.519989,25.649595,73.870003,1.19
2018-03-22,336.709991,24.706229999999998,72.089996,1.11
2018-03-23,322.299988,24.467907,70.650002,1.11
2018-03-26,327.859985,25.490713,74.019997,1.09
2018-03-27,322.959991,24.845253,71.510002,1.05
2018-03-28,319.51001,24.100492000000003,69.32,1.06
2018-03-29,323.109985,24.388466,70.980003,0.98
2018-04-02,311.160004,24.189863,69.389999,1.0
2018-04-03,316.660004,24.239513,69.760002,0.97
2018-04-04,325.839996,24.170002,70.190002,0.89
2018-04-05,327.709991,24.795601,71.639999,0.9
2018-04-06,318.070007,24.209723,69.699997,0.88
2018-04-09,317.100006,24.438118,70.849998,0.85
2018-04-10,321.769989,24.884974,70.790001,0.79
2018-04-11,321.75,24.795601,71.25,0.86
2018-04-12,325.079987,24.755882,71.230003,0.88
2018-04-13,318.359985,24.517559,70.68,0.85
2018-04-16,326.600006,24.358677,70.120003,1.02
2018-04-17,334.609985,24.616858999999998,72.68,1.01
2018-04-18,339.359985,25.163017,77.58000200000001,1.04
2018-04-19,338.459991,25.113369,76.959999,0.98
2018-04-20,331.950012,25.123297,75.510002,0.98
2018-04-23,330.709991,24.964415,74.370003,0.96
2018-04-24,333.100006,24.706229999999998,74.07,0.96
2018-04-25,339.519989,24.497698,73.58000200000001,0.95
2018-04-26,422.5,24.716160000000002,75.08000200000001,0.92
2018-04-27,427.35000599999995,24.934626,77.949997,0.94
2018-04-30,423.329987,24.448048,70.910004,0.93
2018-05-01,426.01000999999997,24.179934,67.510002,0.93
2018-05-02,421.22000099999997,24.318954,68.019997,0.91
2018-05-03,419.420013,24.179934,65.980003,0.92
2018-05-04,420.410004,24.080631,66.370003,0.92
2018-05-07,419.619995,24.467907,67.150002,1.0
2018-05-08,424.420013,24.428186,67.260002,1.0
2018-05-09,424.69000199999994,24.825392,69.43,1.31
2018-05-10,422.670013,25.96736,73.010002,1.13
2018-05-11,424.89999400000005,25.719107,72.779999,1.09
2018-05-14,425.05999800000006,26.195753,73.540001,1.14
2018-05-15,426.55999800000006,26.106384,73.440002,1.24
2018-05-16,444.670013,26.622751,72.769997,1.22
2018-05-17,438.579987,26.543309999999998,71.389999,1.2
2018-05-18,431.950012,26.364566999999997,70.0,1.18
2018-05-21,433.85998499999994,26.741913,70.91999799999999,1.2
2018-05-22,433.44000199999994,26.533378999999996,69.989998,1.2
2018-05-23,435.51000999999997,26.146103,68.41999799999999,1.16
2018-05-24,433.42999299999997,25.85813,68.370003,1.15
2018-05-25,428.959991,25.729035999999997,68.25,1.13
2018-05-29,433.01000999999997,25.391410999999998,69.209999,1.11
2018-05-30,436.60998499999994,25.679385999999997,69.040001,1.09
2018-05-31,430.17999299999997,25.302039999999998,67.610001,1.14
2018-06-01,438.619995,24.994204999999997,65.93,1.16
2018-06-04,443.829987,23.862167000000003,61.740002000000004,1.2
2018-06-05,453.339996,23.3458,58.240002000000004,1.23
2018-06-06,453.82000700000003,23.127337,55.529999,1.17
2018-06-07,448.27999900000003,23.067755,53.279999,1.24
2018-06-08,453.380005,23.028033999999998,52.669998,1.18
2018-06-11,466.64001500000006,23.008175,51.82,1.13
2018-06-12,466.299988,23.137264000000002,53.849998,1.13
2018-06-13,457.299988,23.673494,52.689999,1.12
2018-06-14,460.44000199999994,23.822447,53.709998999999996,1.12
2018-06-15,462.01000999999997,23.087616,51.060001,1.09
2018-06-18,468.459991,23.216707,51.830002,1.08
2018-06-19,469.22000099999997,23.216707,52.23,1.06
2018-06-20,465.5,23.3458,51.669998,1.08
2018-06-21,463.160004,23.316008,52.310001,1.08
2018-06-22,469.94000199999994,23.534473000000002,52.650002,0.89
2018-06-25,454.170013,23.147195999999997,52.639998999999996,0.82
2018-06-26,461.700012,23.246498000000003,51.91,0.73
2018-06-27,457.23999000000003,22.799641,50.98,0.66
2018-06-28,428.35998499999994,22.918802,52.130001,0.61
2018-06-29,431.369995,22.938663000000002,52.66,0.57
2018-07-02,442.82000700000003,23.097545999999998,53.049999,0.45
2018-07-03,448.950012,22.918802,52.360001000000004,0.4
2018-07-05,448.01998899999995,23.097545999999998,53.299999,0.53
2018-07-06,451.040009,23.375591,54.529999,0.4
2018-07-09,463.89001500000006,23.762867,54.830002,0.33
2018-07-10,454.209991,23.633774,55.220001,0.37
2018-07-11,457.17999299999997,23.206778,54.720001,0.35
2018-07-12,459.049988,23.325939,54.700001,0.35
2018-07-13,457.209991,23.117407,54.060001,0.34
2018-07-16,452.05999800000006,23.097545999999998,54.009997999999996,0.35
2018-07-17,452.540009,22.889011,53.75,0.35
2018-07-18,453.579987,22.898941,54.0,0.34
2018-07-19,454.829987,22.908873,53.880001,0.32
2018-07-20,451.19000199999994,22.70034,53.48,0.32
2018-07-23,456.589996,22.591106,52.619999,0.32
2018-07-24,449.48001100000005,22.8195,53.049999,0.33
2018-07-25,451.630005,23.335869,54.040001000000004,0.34
2018-07-26,446.76000999999997,23.028033999999998,53.669998,0.33
2018-07-27,472.299988,22.601038,51.650002,0.32
2018-07-30,465.47000099999997,22.293203,51.57,0.32
2018-07-31,433.660004,22.581177,52.349998,0.32
2018-08-01,442.630005,22.462017000000003,53.380001,0.32
2018-08-02,460.380005,22.610968,53.59,0.33
2018-08-03,463.26998899999995,21.995298000000002,52.84,0.34
2018-08-06,475.25,22.263412,53.57,0.36
2018-08-07,478.01998899999995,22.442156,53.599998,0.35
2018-08-08,487.57000700000003,22.571247,54.459998999999996,0.34
2018-08-09,487.67999299999997,22.452085,54.450001,0.34
2018-08-10,485.47000099999997,22.005228,52.790001000000004,0.34
2018-08-13,484.660004,21.647741,52.470001,0.34
2018-08-14,493.32000700000003,21.379629,52.009997999999996,0.36
2018-08-15,525.8900150000001,20.893051,50.700001,0.34
2018-08-16,502.700012,20.942701,50.860001000000004,0.33
2018-08-17,510.44000199999994,20.932772,51.0,0.34
2018-08-20,515.75,21.280327,52.32,0.33
2018-08-21,518.900024,21.548441,52.93,0.33
2018-08-22,523.580017,21.608023,52.549999,0.34
2018-08-23,518.039978,21.389559,51.57,0.35
2018-08-24,520.710022,21.737114000000002,52.080002,0.39
2018-08-27,495.60000599999995,21.796696,52.610001000000004,0.47
2018-08-28,494.089996,21.657673000000003,51.939999,0.49
2018-08-29,487.64999400000005,22.005228,53.07,0.44
2018-08-30,483.98999000000003,21.51865,52.16,0.4
2018-08-31,475.17999299999997,21.677532,52.080002,0.43
2018-09-04,477.48999000000003,21.697392999999998,51.310001,0.45
2018-09-05,477.880005,21.260466,51.259997999999996,0.43
2018-09-06,481.049988,21.051933,50.150002,0.42
2018-09-07,482.02999900000003,20.644798,48.509997999999996,0.43
2018-09-10,489.119995,20.575285,48.16,0.38
2018-09-11,488.23001100000005,20.684517,48.450001,0.39
2018-09-12,494.76998899999995,20.833469,48.900002,0.37
2018-09-13,495.94000199999994,20.902981,48.41,0.38
2018-09-14,491.55999800000006,20.724239,48.209998999999996,0.37
2018-09-17,488.32000700000003,20.525635,47.75,0.39
2018-09-18,491.48999000000003,20.91291,49.549999,0.43
2018-09-19,490.60000599999995,20.972492000000003,49.599998,0.4
2018-09-20,480.10000599999995,21.339907,50.290001000000004,0.4
2018-09-21,467.369995,21.429279,49.98,0.41
2018-09-24,465.89001500000006,21.280327,50.23,0.4
2018-09-25,465.619995,21.220747,49.650002,0.4
2018-09-26,467.910004,21.161163000000002,48.549999,0.4
2018-09-27,465.39999400000005,20.813608,48.52,0.4
2018-09-28,454.51998899999995,20.595146,48.419998,0.39
2018-10-01,446.97000099999997,20.595146,48.98,0.37
2018-10-02,436.369995,20.86326,49.23,0.35
2018-10-03,436.44000199999994,20.714308,48.299999,0.34
2018-10-04,447.76998899999995,20.475985,47.650002,0.34
2018-10-05,449.35998499999994,20.009266,46.970001,0.34
2018-10-08,448.55999800000006,19.770943,47.27,0.33
2018-10-09,447.089996,19.552481,47.130001,0.33
2018-10-10,434.209991,19.02618,46.360001000000004,0.36
2018-10-11,433.92999299999997,18.758066,45.369999,0.34
2018-10-12,435.709991,18.946739,45.529999,0.32
2018-10-15,431.73999000000003,19.304226,46.119999,0.32
2018-10-16,433.950012,19.641851000000003,47.610001000000004,0.35
2018-10-17,429.85000599999995,19.473038,47.220001,0.36
2018-10-18,431.73001100000005,19.105621,46.709998999999996,0.34
2018-10-19,428.540009,18.926878,46.59,0.34
2018-10-22,431.19000199999994,18.787857000000002,45.349998,0.35
2018-10-23,434.290009,18.28142,44.189999,0.4
2018-10-24,413.0,17.755119,42.43,0.37
2018-10-25,423.880005,18.142397,43.52,0.39
2018-10-26,438.380005,17.735262,39.380001,0.4
2018-10-29,440.869995,17.576378,36.919998,0.37
2018-10-30,461.76998899999995,18.072886999999998,39.779999,0.36
2018-10-31,460.329987,18.360861,41.799999,0.34
2018-11-01,472.619995,18.996389,41.459998999999996,0.35
2018-11-02,476.39001500000006,19.324085,43.0,0.43
2018-11-05,469.64999400000005,20.356821,43.93,0.39
2018-11-06,474.14999400000005,20.247589,42.830002,0.38
2018-11-07,477.48999000000003,20.86326,44.169998,0.37
2018-11-08,478.299988,20.287312,42.669998,0.37
2018-11-09,490.76000999999997,20.048988,42.220001,0.43
2018-11-12,489.670013,19.850384,42.709998999999996,0.41
2018-11-13,484.82000700000003,19.711363000000002,42.450001,0.5
2018-11-14,479.32000700000003,19.542548999999998,42.540001000000004,0.47
2018-11-15,472.299988,20.088707,44.080002,0.49
2018-11-16,472.76000999999997,20.317101,44.369999,0.54
2018-11-19,465.869995,20.158217999999998,43.939999,0.56
2018-11-20,461.630005,19.631922,42.049999,0.55
2018-11-21,471.26000999999997,19.959616,42.599998,0.55
2018-11-23,471.420013,19.939754,43.34,0.63
2018-11-26,466.01998899999995,20.495844,43.43,0.77
2018-11-27,473.450012,21.022142000000002,44.869999,0.72
2018-11-28,490.51998899999995,21.657673000000003,45.400002,0.68
2018-11-29,482.55999800000006,21.439208999999998,44.34,0.65
2018-11-30,473.209991,20.902981,44.450001,0.65
2018-12-03,475.380005,21.240606,46.400002,0.56
2018-12-04,468.35000599999995,20.644798,44.5,0.54
2018-12-06,469.94000199999994,20.674587,43.709998999999996,0.63
2018-12-07,467.42999299999997,20.128429,42.59,0.57
2018-12-10,475.14999400000005,19.959616,43.209998999999996,0.57
2018-12-11,472.35000599999995,19.969547,42.450001,0.56
2018-12-12,471.30999800000006,20.148289000000002,43.599998,0.6
2018-12-13,472.73001100000005,20.20787,45.299999,0.58
2018-12-14,457.829987,19.909964000000002,43.639998999999996,0.58
2018-12-17,443.5,19.453178,42.040001000000004,0.58
2018-12-18,443.799988,19.284365,43.23,0.57
2018-12-19,427.049988,18.907021,42.25,0.55
2018-12-20,400.769989,18.569395,42.369999,0.5
2018-12-21,394.420013,18.341,40.549999,0.42
2018-12-24,385.839996,18.01,39.240002000000004,0.44
2018-12-26,405.72000099999997,18.709999,41.990002000000004,0.45
2018-12-27,414.549988,18.530001000000002,42.299999,0.52
2018-12-28,424.19000199999994,18.57,42.389998999999996,0.54
2018-12-31,431.790009,18.549999,42.459998999999996,0.52
2019-01-02,443.35998499999994,18.790001,42.560001,0.52
2019-01-03,439.450012,18.59,43.439999,0.5
2019-01-04,455.0,19.450001,46.32,0.53
2019-01-07,485.14999400000005,19.809998999999998,45.790001000000004,0.53
2019-01-08,497.369995,19.82,46.23,0.52
2019-01-09,498.48001100000005,20.1,46.959998999999996,0.52
2019-01-10,509.619995,20.540001,47.740002000000004,0.54
2019-01-11,506.950012,20.389999,47.5,0.53
2019-01-14,501.98999000000003,20.35,46.73,0.52
2019-01-15,514.48999,20.360001,46.860001000000004,0.52
2019-01-16,514.820007,20.26,47.299999,0.54
2019-01-17,517.659973,20.610001,48.380001,0.53
2019-01-18,513.23999,20.459999,47.939999,0.53
2019-01-22,520.080017,20.209999,46.209998999999996,0.51
2019-01-23,521.369995,20.6,46.540001000000004,0.51
2019-01-24,533.3900150000001,21.25,48.599998,0.51
2019-01-25,543.369995,21.76,49.860001000000004,0.53
2019-01-28,532.0,22.26,50.700001,0.51
2019-01-29,530.0599980000001,22.0,50.080002,0.51
2019-01-30,532.97998,22.49,50.709998999999996,0.51
2019-01-31,529.6099849999999,23.290001,50.59,0.51
2019-02-01,527.200012,22.719998999999998,48.43,0.5
2019-02-04,527.919983,22.99,49.290001000000004,0.49
2019-02-05,526.650024,23.139999,49.310001,0.51
2019-02-06,526.0599980000001,23.280001000000002,48.889998999999996,0.5
2019-02-07,585.780029,22.9,48.0,0.49
2019-02-08,582.77002,22.74,48.099998,0.48
2019-02-11,603.3599849999999,22.879998999999998,49.720001,0.44
2019-02-12,593.659973,23.120001000000002,50.259997999999996,0.46
2019-02-13,599.619995,23.290001,50.639998999999996,0.48
2019-02-14,604.429993,23.620001000000002,51.02,0.44
2019-02-15,605.8900150000001,23.23,49.18,0.42
2019-02-19,599.460022,24.0,52.060001,0.39
2019-02-20,597.73999,23.879998999999998,51.689999,0.38
2019-02-21,601.1900019999999,24.389999,51.950001,0.39
2019-02-22,600.219971,25.16,53.73,0.41
2019-02-25,596.659973,25.209999,51.77,0.43
2019-02-26,599.5,24.969998999999998,51.889998999999996,0.41
2019-02-27,599.280029,24.82,52.380001,0.43
2019-02-28,607.530029,24.92,52.549999,0.42
2019-03-01,611.630005,25.049999,53.41,0.42
2019-03-04,618.849976,24.969998999999998,52.490002000000004,0.42
2019-03-05,616.01001,24.73,52.189999,0.42
2019-03-06,613.409973,24.02,51.369999,0.41
2019-03-07,609.530029,23.42,50.360001000000004,0.37
2019-03-08,616.4400019999999,23.190001000000002,51.16,0.3
2019-03-11,616.880005,24.01,53.619999,0.28
2019-03-12,630.98999,24.07,53.93,0.26
2019-03-13,637.070007,24.17,54.709998999999996,0.27
2019-03-14,642.3900150000001,24.110001,54.439999,0.29
2019-03-15,639.0,24.02,53.709998999999996,0.29
2019-03-18,655.799988,24.51,54.68,0.29
2019-03-19,665.8599849999999,24.66,55.450001,0.28
2019-03-20,665.789978,24.77,55.650002,0.29
2019-03-21,670.450012,24.18,54.810001,0.29
2019-03-22,671.460022,23.27,52.41,0.29
2019-03-25,676.77002,23.120001000000002,51.720001,0.28
2019-03-26,688.820007,23.07,50.919998,0.27
2019-03-27,697.869995,23.01,51.189999,0.26
2019-03-28,702.51001,23.139999,52.02,0.29
2019-03-29,710.3099980000001,23.16,52.84,0.31
2019-04-01,705.73999,23.6,54.110001000000004,0.3
2019-04-02,704.799988,23.74,53.900002,0.18
2019-04-03,705.6400150000001,24.07,54.849998,0.15
2019-04-04,703.380005,24.33,55.380001,0.16
2019-04-05,708.369995,24.799999,56.290001000000004,0.16
2019-04-08,714.679993,24.969998999999998,57.080002,0.17
2019-04-09,710.669983,24.5,56.130001,0.17
2019-04-10,718.849976,24.870001000000002,60.77,0.17
2019-04-11,707.530029,24.43,60.630001,0.15
2019-04-12,712.4400019999999,24.610001,60.18,0.16
2019-04-15,712.27002,24.719998999999998,60.23,0.17
2019-04-16,706.47998,24.93,60.509997999999996,0.12
2019-04-17,688.210022,25.16,60.66,0.11
2019-04-18,700.0,25.09,59.849998,0.08
2019-04-22,701.669983,25.32,59.959998999999996,0.1
2019-04-23,702.460022,25.610001,61.619999,0.1
2019-04-24,709.75,25.58,61.82,0.1
2019-04-25,678.070007,25.5,61.25,0.09
2019-04-26,676.789978,25.549999,61.540001000000004,0.08
2019-04-29,677.900024,25.370001000000002,61.84,0.09
2019-04-30,688.039978,25.09,61.529999,0.09
2019-05-01,688.5599980000001,25.370001000000002,60.869999,0.08
2019-05-02,707.869995,25.450001,59.860001000000004,0.07
2019-05-03,709.52002,26.209999,61.759997999999996,0.08
2019-05-06,716.669983,25.549999,60.290001000000004,0.07
2019-05-07,706.52002,26.15,61.689999,0.07
2019-05-08,709.570007,25.76,60.330002,0.08
2019-05-09,705.130005,24.82,58.919998,0.08
2019-05-10,705.4400019999999,25.389999,59.990002000000004,0.11
2019-05-13,687.27002,24.43,58.400002,0.11
2019-05-14,703.179993,24.719998999999998,59.330002,0.15
2019-05-15,705.8900150000001,25.219998999999998,59.860001000000004,0.15
2019-05-16,708.929993,25.85,60.669998,0.16
2019-05-17,715.909973,25.25,58.380001,0.15
