date,state,positive
20200525,AK,1
20200525,AL,403
20200525,AR,107
20200525,AS,0
20200525,AZ,222
20200525,CA,1848
20200525,CO,210
20200525,CT,405
20200525,DC,259
20200525,DE,156
20200525,FL,879
20200525,GA,506
20200525,GU,0
20200525,HI,0
20200525,IA,325
20200525,ID,0
20200525,IL,1713
20200525,IN,339
20200525,KS,260
20200525,KY,0
20200525,LA,640
20200525,MA,596
20200525,MD,839
20200525,ME,19
20200525,MI,202
20200525,MN,742
20200525,MO,179
20200525,MP,0
20200525,MS,206
20200525,MT,0
20200525,NC,742
20200525,ND,39
20200525,NE,145
20200525,NH,60
20200525,NJ,938
20200525,NM,148
20200525,NV,109
20200525,NY,1249
20200525,OH,566
20200525,OK,53
20200525,OR,22
20200525,PA,473
20200525,PR,71
20200525,RI,0
20200525,SC,82
20200525,SD,23
20200525,TN,462
20200525,TX,623
20200525,UT,129
20200525,VA,1483
20200525,VI,0
20200525,VT,6
20200525,WA,243
20200525,WI,307
20200525,WV,15
20200525,WY,25
20200524,AK,0
20200524,AL,389
20200524,AR,310
20200524,AS,0
20200524,AZ,300
20200524,CA,2079
20200524,CO,477
20200524,CT,446
20200524,DC,0
20200524,DE,119
20200524,FL,740
20200524,GA,706
20200524,GU,1
20200524,HI,1
20200524,IA,359
20200524,ID,31
20200524,IL,2508
20200524,IN,475
20200524,KS,0
20200524,KY,145
20200524,LA,129
20200524,MA,1013
20200524,MD,818
20200524,ME,42
20200524,MI,314
20200524,MN,728
20200524,MO,236
20200524,MP,0
20200524,MS,247
20200524,MT,0
20200524,NC,497
20200524,ND,53
20200524,NE,327
20200524,NH,0
20200524,NJ,1050
20200524,NM,170
20200524,NV,74
20200524,NY,1589
20200524,OH,503
20200524,OK,77
20200524,OR,39
20200524,PA,730
20200524,PR,89
20200524,RI,113
20200524,SC,201
20200524,SD,95
20200524,TN,356
20200524,TX,839
20200524,UT,132
20200524,VA,495
20200524,VI,0
20200524,VT,2
20200524,WA,320
20200524,WI,400
20200524,WV,42
20200524,WY,0
20200523,AK,4
20200523,AL,375
20200523,AR,0
20200523,AS,0
20200523,AZ,431
20200523,CA,2187
20200523,CO,296
20200523,CT,382
20200523,DC,73
20200523,DE,161
20200523,FL,676
20200523,GA,914
20200523,GU,0
20200523,HI,-5
20200523,IA,389
20200523,ID,61
20200523,IL,2352
20200523,IN,492
20200523,KS,0
20200523,KY,140
20200523,LA,115
20200523,MA,773
20200523,MD,1071
20200523,ME,65
20200523,MI,452
20200523,MN,840
20200523,MO,194
20200523,MP,0
20200523,MS,381
20200523,MT,0
20200523,NC,1107
20200523,ND,48
20200523,NE,237
20200523,NH,154
20200523,NJ,385
20200523,NM,153
20200523,NV,295
20200523,NY,1772
20200523,OH,614
20200523,OK,111
20200523,OR,24
20200523,PA,725
20200523,PR,70
20200523,RI,216
20200523,SC,257
20200523,SD,112
20200523,TN,395
20200523,TX,1060
20200523,UT,203
20200523,VA,799
20200523,VI,0
20200523,VT,2
20200523,WA,148
20200523,WI,481
20200523,WV,101
20200523,WY,10
20200522,AK,2
20200522,AL,444
20200522,AR,154
20200522,AS,0
20200522,AZ,293
20200522,CA,2247
20200522,CO,394
20200522,CT,432
20200522,DC,105
20200522,DE,143
20200522,FL,776
20200522,GA,813
20200522,GU,0
20200522,HI,4
20200522,IA,334
20200522,ID,28
20200522,IL,2758
20200522,IN,473
20200522,KS,419
20200522,KY,119
20200522,LA,421
20200522,MA,805
20200522,MD,893
20200522,ME,71
20200522,MI,403
20200522,MN,805
20200522,MO,218
20200522,MP,0
20200522,MS,402
20200522,MT,0
20200522,NC,758
20200522,ND,88
20200522,NE,303
20200522,NH,67
20200522,NJ,1247
20200522,NM,155
20200522,NV,146
20200522,NY,1696
20200522,OH,627
20200522,OK,169
20200522,OR,47
20200522,PA,866
20200522,PR,117
20200522,RI,165
20200522,SC,463
20200522,SD,106
20200522,TN,433
20200522,TX,1181
20200522,UT,183
20200522,VA,813
20200522,VI,0
20200522,VT,2
20200522,WA,21
20200522,WI,511
20200522,WV,23
20200522,WY,16
20200521,AK,0
20200521,AL,375
20200521,AR,455
20200521,AS,0
20200521,AZ,418
20200521,CA,2140
20200521,CO,315
20200521,CT,191
20200521,DC,237
20200521,DE,192
20200521,FL,1204
20200521,GA,758
20200521,GU,0
20200521,HI,2
20200521,IA,556
20200521,ID,30
20200521,IL,2268
20200521,IN,662
20200521,KS,0
20200521,KY,98
20200521,LA,1188
20200521,MA,1114
20200521,MD,1208
20200521,ME,58
20200521,MI,501
20200521,MN,530
20200521,MO,108
20200521,MP,1
20200521,MS,255
20200521,MT,1
20200521,NC,738
20200521,ND,134
20200521,NE,276
20200521,NH,147
20200521,NJ,1073
20200521,NM,125
20200521,NV,89
20200521,NY,2088
20200521,OH,731
20200521,OK,148
20200521,OR,16
20200521,PA,1726
20200521,PR,47
20200521,RI,215
20200521,SC,119
20200521,SD,73
20200521,TN,429
20200521,TX,945
20200521,UT,164
20200521,VA,1229
20200521,VI,0
20200521,VT,6
20200521,WA,0
20200521,WI,472
20200521,WV,48
20200521,WY,0
20200520,AK,3
20200520,AL,368
20200520,AR,80
20200520,AS,0
20200520,AZ,331
20200520,CA,2262
20200520,CO,280
20200520,CT,587
20200520,DC,117
20200520,DE,157
20200520,FL,527
20200520,GA,926
20200520,GU,11
20200520,HI,1
20200520,IA,265
20200520,ID,21
20200520,IL,2388
20200520,IN,569
20200520,KS,199
20200520,KY,0
20200520,LA,278
20200520,MA,1045
20200520,MD,777
20200520,ME,78
20200520,MI,659
20200520,MN,641
20200520,MO,152
20200520,MP,0
20200520,MS,263
20200520,MT,7
20200520,NC,422
20200520,ND,101
20200520,NE,221
20200520,NH,69
20200520,NJ,1386
20200520,NM,96
20200520,NV,120
20200520,NY,1525
20200520,OH,484
20200520,OK,43
20200520,OR,75
20200520,PA,0
20200520,PR,61
20200520,RI,405
20200520,SC,0
20200520,SD,92
20200520,TN,154
20200520,TX,1411
20200520,UT,326
20200520,VA,763
20200520,VI,0
20200520,VT,0
20200520,WA,11
20200520,WI,528
20200520,WV,36
20200520,WY,21
20200519,AK,0
20200519,AL,290
20200519,AR,110
20200519,AS,0
20200519,AZ,396
20200519,CA,1365
20200519,CO,264
20200519,CT,314
20200519,DC,164
20200519,DE,168
20200519,FL,502
20200519,GA,640
20200519,GU,0
20200519,HI,0
20200519,IA,394
20200519,ID,36
20200519,IL,1545
20200519,IN,450
20200519,KS,0
20200519,KY,381
20200519,LA,329
20200519,MA,1915
20200519,MD,1784
20200519,ME,28
20200519,MI,435
20200519,MN,657
20200519,MO,135
20200519,MP,0
20200519,MS,272
20200519,MT,1
20200519,NC,677
20200519,ND,63
20200519,NE,277
20200519,NH,56
20200519,NJ,974
20200519,NM,158
20200519,NV,140
20200519,NY,1474
20200519,OH,498
20200519,OK,91
20200519,OR,39
20200519,PA,610
20200519,PR,95
20200519,RI,156
20200519,SC,114
20200519,SD,58
20200519,TN,367
20200519,TX,1219
20200519,UT,0
20200519,VA,1005
20200519,VI,0
20200519,VT,0
20200519,WA,66
20200519,WI,198
20200519,WV,18
20200519,WY,12
20200518,AK,3
20200518,AL,315
20200518,AR,54
20200518,AS,0
20200518,AZ,233
20200518,CA,1591
20200518,CO,305
20200518,CT,697
20200518,DC,147
20200518,DE,199
20200518,FL,854
20200518,GA,380
20200518,GU,0
20200518,HI,1
20200518,IA,304
20200518,ID,0
20200518,IL,2294
20200518,IN,477
20200518,KS,454
20200518,KY,0
20200518,LA,277
20200518,MA,0
20200518,MD,958
20200518,ME,26
20200518,MI,773
20200518,MN,704
20200518,MO,156
20200518,MP,0
20200518,MS,136
20200518,MT,2
20200518,NC,511
20200518,ND,31
20200518,NE,128
20200518,NH,40
20200518,NJ,1705
20200518,NM,81
20200518,NV,49
20200518,NY,1250
20200518,OH,531
20200518,OK,88
20200518,OR,64
20200518,PA,822
20200518,PR,64
20200518,RI,121
20200518,SC,281
20200518,SD,40
20200518,TN,623
20200518,TX,909
20200518,UT,146
20200518,VA,752
20200518,VI,0
20200518,VT,4
20200518,WA,114
20200518,WI,144
20200518,WV,1
20200518,WY,0
20200517,AK,4
20200517,AL,248
20200517,AR,181
20200517,AS,0
20200517,AZ,306
20200517,CA,2046
20200517,CO,401
20200517,CT,716
20200517,DC,81
20200517,DE,123
20200517,FL,777
20200517,GA,554
20200517,GU,0
20200517,HI,1
20200517,IA,323
20200517,ID,30
20200517,IL,1734
20200517,IN,498
20200517,KS,0
20200517,KY,244
20200517,LA,315
20200517,MA,1077
20200517,MD,836
20200517,ME,39
20200517,MI,638
20200517,MN,699
20200517,MO,114
20200517,MP,0
20200517,MS,173
20200517,MT,0
20200517,NC,530
20200517,ND,52
20200517,NE,448
20200517,NH,92
20200517,NJ,1245
20200517,NM,195
20200517,NV,195
20200517,NY,1889
20200517,OH,449
20200517,OK,73
20200517,OR,11
20200517,PA,623
20200517,PR,57
20200517,RI,240
20200517,SC,254
20200517,SD,28
20200517,TN,100
20200517,TX,785
20200517,UT,170
20200517,VA,705
20200517,VI,0
20200517,VT,0
20200517,WA,52
20200517,WI,356
20200517,WV,33
20200517,WY,38
20200516,AK,4
20200516,AL,307
20200516,AR,115
20200516,AS,0
20200516,AZ,462
20200516,CA,1857
20200516,CO,394
20200516,CT,618
20200516,DC,171
20200516,DE,174
20200516,FL,1601
20200516,GA,466
20200516,GU,0
20200516,HI,1
20200516,IA,279
20200516,ID,38
20200516,IL,2088
20200516,IN,625
20200516,KS,0
20200516,KY,219
20200516,LA,280
20200516,MA,1512
20200516,MD,982
20200516,ME,45
20200516,MI,425
20200516,MN,729
20200516,MO,219
20200516,MP,2
20200516,MS,322
20200516,MT,2
20200516,NC,853
20200516,ND,87
20200516,NE,356
20200516,NH,0
20200516,NJ,1184
20200516,NM,159
20200516,NV,48
20200516,NY,2419
20200516,OH,520
20200516,OK,151
20200516,OR,71
20200516,PA,989
20200516,PR,47
20200516,RI,215
20200516,SC,0
20200516,SD,72
20200516,TN,318
20200516,TX,1801
20200516,UT,155
20200516,VA,1011
20200516,VI,0
20200516,VT,8
20200516,WA,112
20200516,WI,502
20200516,WV,16
20200516,WY,1
20200515,AK,1
20200515,AL,248
20200515,AR,227
20200515,AS,0
20200515,AZ,495
20200515,CA,1772
20200515,CO,363
20200515,CT,621
20200515,DC,135
20200515,DE,150
20200515,FL,0
20200515,GA,823
20200515,GU,1
20200515,HI,-1
20200515,IA,374
20200515,ID,27
20200515,IL,2432
20200515,IN,602
20200515,KS,418
20200515,KY,145
20200515,LA,348
20200515,MA,1239
20200515,MD,1083
20200515,ME,38
20200515,MI,497
20200515,MN,805
20200515,MO,139
20200515,MP,0
20200515,MS,318
20200515,MT,4
20200515,NC,622
20200515,ND,114
20200515,NE,341
20200515,NH,165
20200515,NJ,1201
20200515,NM,139
20200515,NV,115
20200515,NY,2762
20200515,OH,597
20200515,OK,124
20200515,OR,62
20200515,PA,986
20200515,PR,115
20200515,RI,203
20200515,SC,218
20200515,SD,95
20200515,TN,271
20200515,TX,1347
20200515,UT,164
20200515,VA,859
20200515,VI,0
20200515,VT,1
20200515,WA,245
20200515,WI,410
20200515,WV,14
20200515,WY,14
20200514,AK,4
20200514,AL,351
20200514,AR,72
20200514,AS,0
20200514,AZ,498
20200514,CA,2023
20200514,CO,318
20200514,CT,609
20200514,DC,152
20200514,DE,271
20200514,FL,808
20200514,GA,526
20200514,GU,1
20200514,HI,3
20200514,IA,386
20200514,ID,31
20200514,IL,3239
20200514,IN,580
20200514,KS,0
20200514,KY,227
20200514,LA,827
20200514,MA,1685
20200514,MD,1091
20200514,ME,50
20200514,MI,1191
20200514,MN,518
20200514,MO,175
20200514,MP,0
20200514,MS,393
20200514,MT,0
20200514,NC,691
20200514,ND,0
20200514,NE,383
20200514,NH,60
20200514,NJ,1144
20200514,NM,152
20200514,NV,105
20200514,NY,2390
20200514,OH,636
20200514,OK,110
20200514,OR,63
20200514,PA,938
20200514,PR,98
20200514,RI,181
20200514,SC,262
20200514,SD,60
20200514,TN,329
20200514,TX,1448
20200514,UT,129
20200514,VA,1067
20200514,VI,0
20200514,VT,1
20200514,WA,247
20200514,WI,373
20200514,WV,29
20200514,WY,26
20200513,AK,0
20200513,AL,307
20200513,AR,0
20200513,AS,0
20200513,AZ,440
20200513,CA,1759
20200513,CO,278
20200513,CT,522
20200513,DC,99
20200513,DE,211
20200513,FL,479
20200513,GA,697
20200513,GU,0
20200513,HI,1
20200513,IA,377
20200513,ID,33
20200513,IL,1677
20200513,IN,346
20200513,KS,352
20200513,KY,176
20200513,LA,612
20200513,MA,1165
20200513,MD,751
20200513,ME,38
20200513,MI,370
20200513,MN,423
20200513,MO,136
20200513,MP,0
20200513,MS,182
20200513,MT,1
20200513,NC,470
20200513,ND,76
20200513,NE,120
20200513,NH,79
20200513,NJ,817
20200513,NM,143
20200513,NV,83
20200513,NY,2176
20200513,OH,471
20200513,OK,120
20200513,OR,130
20200513,PA,707
20200513,PR,30
20200513,RI,221
20200513,SC,0
20200513,SD,69
20200513,TN,259
20200513,TX,1355
20200513,UT,188
20200513,VA,946
20200513,VI,0
20200513,VT,1
20200513,WA,280
20200513,WI,291
20200513,WV,27
20200513,WY,0
20200512,AK,2
20200512,AL,301
20200512,AR,130
20200512,AS,0
20200512,AZ,356
20200512,CA,1443
20200512,CO,-20
20200512,CT,568
20200512,DC,96
20200512,DE,176
20200512,FL,941
20200512,GA,708
20200512,GU,1
20200512,HI,2
20200512,IA,539
20200512,ID,30
20200512,IL,4014
20200512,IN,500
20200512,KS,0
20200512,KY,237
20200512,LA,235
20200512,MA,870
20200512,MD,688
20200512,ME,15
20200512,MI,469
20200512,MN,695
20200512,MO,88
20200512,MP,0
20200512,MS,234
20200512,MT,2
20200512,NC,301
20200512,ND,53
20200512,NE,257
20200512,NH,0
20200512,NJ,798
20200512,NM,206
20200512,NV,159
20200512,NY,1430
20200512,OH,473
20200512,OK,119
20200512,OR,0
20200512,PA,837
20200512,PR,43
20200512,RI,164
20200512,SC,274
20200512,SD,49
20200512,TN,567
20200512,TX,1179
20200512,UT,70
20200512,VA,730
20200512,VI,0
20200512,VT,2
20200512,WA,241
20200512,WI,193
20200512,WV,5
20200512,WY,13
20200511,AK,2
20200511,AL,232
20200511,AR,287
20200511,AS,0
20200511,AZ,261
20200511,CA,1259
20200511,CO,196
20200511,CT,211
20200511,DC,117
20200511,DE,118
20200511,FL,386
20200511,GA,486
20200511,GU,0
20200511,HI,1
20200511,IA,414
20200511,ID,0
20200511,IL,1266
20200511,IN,501
20200511,KS,168
20200511,KY,0
20200511,LA,215
20200511,MA,669
20200511,MD,786
20200511,ME,26
20200511,MI,414
20200511,MN,528
20200511,MO,74
20200511,MP,3
20200511,MS,173
20200511,MT,1
20200511,NC,281
20200511,ND,27
20200511,NE,81
20200511,NH,149
20200511,NJ,1413
20200511,NM,85
20200511,NV,54
20200511,NY,1660
20200511,OH,696
20200511,OK,24
20200511,OR,58
20200511,PA,543
20200511,PR,58
20200511,RI,176
20200511,SC,0
20200511,SD,97
20200511,TN,559
20200511,TX,1000
20200511,UT,111
20200511,VA,989
20200511,VI,0
20200511,VT,1
20200511,WA,283
20200511,WI,199
20200511,WV,6
20200511,WY,1
20200510,AK,1
20200510,AL,210
20200510,AR,0
20200510,AS,0
20200510,AZ,159
20200510,CA,2119
20200510,CO,876
20200510,CT,570
20200510,DC,170
20200510,DE,170
20200510,FL,595
20200510,GA,909
20200510,GU,0
20200510,HI,2
20200510,IA,288
20200510,ID,25
20200510,IL,1656
20200510,IN,394
20200510,KS,197
20200510,KY,152
20200510,LA,183
20200510,MA,1050
20200510,MD,1053
20200510,ME,28
20200510,MI,382
20200510,MN,481
20200510,MO,178
20200510,MP,0
20200510,MS,123
20200510,MT,0
20200510,NC,404
20200510,ND,27
20200510,NE,403
20200510,NH,64
20200510,NJ,1447
20200510,NM,105
20200510,NV,70
20200510,NY,2273
20200510,OH,384
20200510,OK,99
20200510,OR,68
20200510,PA,1295
20200510,PR,25
20200510,RI,285
20200510,SC,122
20200510,SD,124
20200510,TN,217
20200510,TX,1009
20200510,UT,148
20200510,VA,885
20200510,VI,1
20200510,VT,0
20200510,WA,51
20200510,WI,280
20200510,WV,25
20200510,WY,17
20200509,AK,1
20200509,AL,346
20200509,AR,53
20200509,AS,0
20200509,AZ,434
20200509,CA,2049
20200509,CO,26
20200509,CT,573
20200509,DC,203
20200509,DE,166
20200509,FL,802
20200509,GA,426
20200509,GU,0
20200509,HI,0
20200509,IA,214
20200509,ID,27
20200509,IL,2325
20200509,IN,586
20200509,KS,250
20200509,KY,159
20200509,LA,562
20200509,MA,1410
20200509,MD,1049
20200509,ME,34
20200509,MI,430
20200509,MN,702
20200509,MO,177
20200509,MP,1
20200509,MS,288
20200509,MT,0
20200509,NC,492
20200509,ND,39
20200509,NE,641
20200509,NH,104
20200509,NJ,1631
20200509,NM,180
20200509,NV,144
20200509,NY,2715
20200509,OH,681
20200509,OK,66
20200509,OR,92
20200509,PA,1078
20200509,PR,17
20200509,RI,210
20200509,SC,389
20200509,SD,249
20200509,TN,327
20200509,TX,1251
20200509,UT,184
20200509,VA,854
20200509,VI,0
20200509,VT,8
20200509,WA,121
20200509,WI,349
20200509,WV,25
20200509,WY,9
20200508,AK,3
20200508,AL,323
20200508,AR,83
20200508,AS,0
20200508,AZ,581
20200508,CA,1898
20200508,CO,971
20200508,CT,627
20200508,DC,245
20200508,DE,172
20200508,FL,371
20200508,GA,667
20200508,GU,0
20200508,HI,3
20200508,IA,398
20200508,ID,20
20200508,IL,2887
20200508,IN,643
20200508,KS,357
20200508,KY,195
20200508,LA,203
20200508,MA,1612
20200508,MD,1111
20200508,ME,44
20200508,MI,680
20200508,MN,723
20200508,MO,148
20200508,MP,0
20200508,MS,404
20200508,MT,2
20200508,NC,471
20200508,ND,54
20200508,NE,419
20200508,NH,103
20200508,NJ,1819
20200508,NM,202
20200508,NV,118
20200508,NY,2758
20200508,OH,885
20200508,OK,94
20200508,OR,79
20200508,PA,1323
20200508,PR,125
20200508,RI,249
20200508,SC,206
20200508,SD,239
20200508,TN,345
20200508,TX,1219
20200508,UT,195
20200508,VA,772
20200508,VI,2
20200508,VT,2
20200508,WA,245
20200508,WI,375
20200508,WV,23
20200508,WY,4
20200507,AK,2
20200507,AL,317
20200507,AR,43
20200507,AS,0
20200507,AZ,238
20200507,CA,1799
20200507,CO,466
20200507,CT,789
20200507,DC,193
20200507,DE,161
20200507,FL,826
20200507,GA,743
20200507,GU,0
20200507,HI,1
20200507,IA,655
20200507,ID,31
20200507,IL,2641
20200507,IN,633
20200507,KS,410
20200507,KY,112
20200507,LA,253
20200507,MA,1696
20200507,MD,1211
20200507,ME,76
20200507,MI,592
20200507,MN,786
20200507,MO,239
20200507,MP,0
20200507,MS,262
20200507,MT,0
20200507,NC,639
20200507,ND,48
20200507,NE,333
20200507,NH,104
20200507,NJ,1745
20200507,NM,153
20200507,NV,103
20200507,NY,3671
20200507,OH,555
20200507,OK,129
20200507,OR,73
20200507,PA,1070
20200507,PR,63
20200507,RI,325
20200507,SC,0
20200507,SD,126
20200507,TN,158
20200507,TX,968
20200507,UT,129
20200507,VA,1314
20200507,VI,0
20200507,VT,2
20200507,WA,243
20200507,WI,314
20200507,WV,39
20200507,WY,27
20200506,AK,1
20200506,AL,296
20200506,AR,72
20200506,AS,0
20200506,AZ,402
20200506,CA,2603
20200506,CO,457
20200506,CT,374
20200506,DC,139
20200506,DE,407
20200506,FL,563
20200506,GA,985
20200506,GU,2
20200506,HI,4
20200506,IA,293
20200506,ID,21
20200506,IL,2270
20200506,IN,837
20200506,KS,276
20200506,KY,577
20200506,LA,403
20200506,MA,1754
20200506,MD,1046
20200506,ME,28
20200506,MI,657
20200506,MN,728
20200506,MO,186
20200506,MP,1
20200506,MS,217
20200506,MT,0
20200506,NC,502
20200506,ND,57
20200506,NE,355
20200506,NH,48
20200506,NJ,1297
20200506,NM,107
20200506,NV,69
20200506,NY,2786
20200506,OH,607
20200506,OK,74
20200506,OR,77
20200506,PA,888
20200506,PR,44
20200506,RI,272
20200506,SC,179
20200506,SD,58
20200506,TN,248
20200506,TX,1053
20200506,UT,146
20200506,VA,0
20200506,VI,0
20200506,VT,5
20200506,WA,275
20200506,WI,335
20200506,WV,10
20200506,WY,8
20200505,AK,1
20200505,AL,260
20200505,AR,38
20200505,AS,0
20200505,AZ,386
20200505,CA,1275
20200505,CO,272
20200505,CT,1334
20200505,DC,152
20200505,DE,83
20200505,FL,542
20200505,GA,343
20200505,GU,0
20200505,HI,1
20200505,IA,408
20200505,ID,45
20200505,IL,2122
20200505,IN,526
20200505,KS,213
20200505,KY,115
20200505,LA,323
20200505,MA,1184
20200505,MD,709
20200505,ME,21
20200505,MI,447
20200505,MN,617
20200505,MO,162
20200505,MP,0
20200505,MS,330
20200505,MT,-1
20200505,NC,408
20200505,ND,41
20200505,NE,173
20200505,NH,0
20200505,NJ,2324
20200505,NM,181
20200505,NV,103
20200505,NY,2239
20200505,OH,495
20200505,OK,83
20200505,OR,80
20200505,PA,865
20200505,PR,81
20200505,RI,281
20200505,SC,131
20200505,SD,53
20200505,TN,119
20200505,TX,1037
20200505,UT,132
20200505,VA,764
20200505,VI,0
20200505,VT,3
20200505,WA,248
20200505,WI,330
20200505,WV,32
20200505,WY,10
20200504,AK,2
20200504,AL,300
20200504,AR,27
20200504,AS,0
20200504,AZ,279
20200504,CA,1321
20200504,CO,410
20200504,CT,0
20200504,DC,154
20200504,DE,80
20200504,FL,819
20200504,GA,766
20200504,GU,-1
20200504,HI,0
20200504,IA,534
20200504,ID,0
20200504,IL,2341
20200504,IN,574
20200504,KS,215
20200504,KY,251
20200504,LA,333
20200504,MA,1000
20200504,MD,946
20200504,ME,20
20200504,MI,196
20200504,MN,571
20200504,MO,368
20200504,MP,0
20200504,MS,327
20200504,MT,2
20200504,NC,184
20200504,ND,34
20200504,NE,584
20200504,NH,159
20200504,NJ,1525
20200504,NM,118
20200504,NV,65
20200504,NY,2538
20200504,OH,560
20200504,OK,72
20200504,OR,79
20200504,PA,825
20200504,PR,35
20200504,RI,175
20200504,SC,0
20200504,SD,37
20200504,TN,394
20200504,TX,784
20200504,UT,142
20200504,VA,821
20200504,VI,0
20200504,VT,5
20200504,WA,374
20200504,WI,272
20200504,WV,15
20200504,WY,7
20200503,AK,3
20200503,AL,291
20200503,AR,59
20200503,AS,0
20200503,AZ,276
20200503,CA,1419
20200503,CO,457
20200503,CT,523
20200503,DC,219
20200503,DE,170
20200503,FL,615
20200503,GA,296
20200503,GU,2
20200503,HI,1
20200503,IA,528
20200503,ID,26
20200503,IL,2994
20200503,IN,638
20200503,KS,284
20200503,KY,0
20200503,LA,200
20200503,MA,1824
20200503,MD,989
20200503,ME,33
20200503,MI,547
20200503,MN,435
20200503,MO,232
20200503,MP,0
20200503,MS,109
20200503,MT,0
20200503,NC,155
20200503,ND,38
20200503,NE,488
20200503,NH,119
20200503,NJ,3027
20200503,NM,219
20200503,NV,115
20200503,NY,3438
20200503,OH,579
20200503,OK,121
20200503,OR,45
20200503,PA,962
20200503,PR,51
20200503,RI,188
20200503,SC,137
20200503,SD,43
20200503,TN,516
20200503,TX,1026
20200503,UT,194
20200503,VA,940
20200503,VI,0
20200503,VT,5
20200503,WA,78
20200503,WI,304
20200503,WV,22
20200503,WY,13
20200502,AK,1
20200502,AL,276
20200502,AR,51
20200502,AS,0
20200502,AZ,402
20200502,CA,1755
20200502,CO,484
20200502,CT,0
20200502,DC,139
20200502,DE,120
20200502,FL,735
20200502,GA,1036
20200502,GU,2
20200502,HI,1
20200502,IA,757
20200502,ID,20
20200502,IL,2450
20200502,IN,665
20200502,KS,297
20200502,KY,171
20200502,LA,429
20200502,MA,1952
20200502,MD,1001
20200502,ME,29
20200502,MI,851
20200502,MN,498
20200502,MO,319
20200502,MP,0
20200502,MS,229
20200502,MT,2
20200502,NC,586
20200502,ND,46
20200502,NE,557
20200502,NH,164
20200502,NJ,2527
20200502,NM,102
20200502,NV,84
20200502,NY,4663
20200502,OH,592
20200502,OK,103
20200502,OR,56
20200502,PA,1334
20200502,PR,182
20200502,RI,327
20200502,SC,231
20200502,SD,63
20200502,TN,770
20200502,TX,1293
20200502,UT,153
20200502,VA,830
20200502,VI,0
20200502,VT,11
20200502,WA,106
20200502,WI,346
20200502,WV,33
20200502,WY,7
20200501,AK,9
20200501,AL,139
20200501,AR,66
20200501,AS,0
20200501,AZ,314
20200501,CA,1525
20200501,CO,526
20200501,CT,1064
20200501,DC,335
20200501,DE,184
20200501,FL,1038
20200501,GA,1115
20200501,GU,0
20200501,HI,5
20200501,IA,739
20200501,ID,31
20200501,IL,3137
20200501,IN,795
20200501,KS,211
20200501,KY,169
20200501,LA,710
20200501,MA,2106
20200501,MD,1730
20200501,ME,28
20200501,MI,977
20200501,MN,594
20200501,MO,273
20200501,MP,0
20200501,MS,397
20200501,MT,0
20200501,NC,414
20200501,ND,40
20200501,NE,497
20200501,NH,92
20200501,NJ,2538
20200501,NM,198
20200501,NV,229
20200501,NY,3942
20200501,OH,716
20200501,OK,130
20200501,OR,69
20200501,PA,1208
20200501,PR,36
20200501,RI,341
20200501,SC,163
20200501,SD,76
20200501,TN,1156
20200501,TX,1142
20200501,UT,156
20200501,VA,1055
20200501,VI,0
20200501,VT,6
20200501,WA,308
20200501,WI,460
20200501,WV,18
20200501,WY,15
20200430,AK,0
20200430,AL,177
20200430,AR,63
20200430,AS,0
20200430,AZ,446
20200430,CA,2417
20200430,CO,23
20200430,CT,933
20200430,DC,217
20200430,DE,79
20200430,FL,497
20200430,GA,583
20200430,GU,1
20200430,HI,4
20200430,IA,302
20200430,ID,32
20200430,IL,2563
20200430,IN,653
20200430,KS,500
20200430,KY,164
20200430,LA,341
20200430,MA,1940
20200430,MD,893
20200430,ME,39
20200430,MI,980
20200430,MN,492
20200430,MO,137
20200430,MP,0
20200430,MS,246
20200430,MT,2
20200430,NC,561
20200430,ND,34
20200430,NE,410
20200430,NH,44
20200430,NJ,2388
20200430,NM,239
20200430,NV,100
20200430,NY,4681
20200430,OH,724
20200430,OK,145
20200430,OR,64
20200430,PA,1397
20200430,PR,106
20200430,RI,374
20200430,SC,214
20200430,SD,76
20200430,TN,369
20200430,TX,1033
20200430,UT,177
20200430,VA,885
20200430,VI,4
20200430,VT,13
20200430,WA,241
20200430,WI,334
20200430,WV,23
20200430,WY,8
20200429,AK,4
20200429,AL,155
20200429,AR,81
20200429,AS,0
20200429,AZ,254
20200429,CA,1469
20200429,CO,856
20200429,CT,455
20200429,DC,112
20200429,DE,80
20200429,FL,347
20200429,GA,957
20200429,GU,0
20200429,HI,2
20200429,IA,467
20200429,ID,35
20200429,IL,2253
20200429,IN,594
20200429,KS,247
20200429,KY,229
20200429,LA,374
20200429,MA,1963
20200429,MD,736
20200429,ME,16
20200429,MI,1137
20200429,MN,463
20200429,MO,122
20200429,MP,0
20200429,MS,227
20200429,MT,0
20200429,NC,380
20200429,ND,42
20200429,NE,16
20200429,NH,72
20200429,NJ,2408
20200429,NM,151
20200429,NV,93
20200429,NY,4585
20200429,OH,1175
20200429,OK,63
20200429,OR,92
20200429,PA,1102
20200429,PR,33
20200429,RI,321
20200429,SC,268
20200429,SD,60
20200429,TN,314
20200429,TX,883
20200429,UT,152
20200429,VA,622
20200429,VI,3
20200429,VT,4
20200429,WA,318
20200429,WI,231
20200429,WV,16
20200429,WY,147
20200428,AK,6
20200428,AL,188
20200428,AR,94
20200428,AS,0
20200428,AZ,232
20200428,CA,1567
20200428,CO,438
20200428,CT,1043
20200428,DC,102
20200428,DE,413
20200428,FL,708
20200428,GA,702
20200428,GU,1
20200428,HI,1
20200428,IA,508
20200428,ID,20
20200428,IL,2219
20200428,IN,627
20200428,KS,163
20200428,KY,72
20200428,LA,218
20200428,MA,1840
20200428,MD,626
20200428,ME,17
20200428,MI,1052
20200428,MN,365
20200428,MO,132
20200428,MP,0
20200428,MS,248
20200428,MT,2
20200428,NC,426
20200428,ND,49
20200428,NE,330
20200428,NH,74
20200428,NJ,2668
20200428,NM,97
20200428,NV,115
20200428,NY,3110
20200428,OH,429
20200428,OK,130
20200428,OR,0
20200428,PA,1214
20200428,PR,11
20200428,RI,218
20200428,SC,123
20200428,SD,68
20200428,TN,134
20200428,TX,874
20200428,UT,110
20200428,VA,804
20200428,VI,0
20200428,VT,0
20200428,WA,280
20200428,WI,208
20200428,WV,16
20200428,WY,19
20200427,AK,4
20200427,AL,229
20200427,AR,76
20200427,AS,0
20200427,AZ,190
20200427,CA,1300
20200427,CO,473
20200427,CT,0
20200427,DC,51
20200427,DE,128
20200427,FL,610
20200427,GA,512
20200427,GU,3
20200427,HI,3
20200427,IA,392
20200427,ID,10
20200427,IL,1980
20200427,IN,949
20200427,KS,154
20200427,KY,169
20200427,LA,295
20200427,MA,1524
20200427,MD,906
20200427,ME,8
20200427,MI,432
20200427,MN,214
20200427,MO,174
20200427,MP,0
20200427,MS,183
20200427,MT,1
20200427,NC,312
20200427,ND,75
20200427,NE,296
20200427,NH,77
20200427,NJ,2150
20200427,NM,66
20200427,NV,88
20200427,NY,3951
20200427,OH,-264
20200427,OK,27
20200427,OR,43
20200427,PA,885
20200427,PR,18
20200427,RI,269
20200427,SC,0
20200427,SD,33
20200427,TN,251
20200427,TX,666
20200427,UT,110
20200427,VA,565
20200427,VI,2
20200427,VT,7
20200427,WA,353
20200427,WI,170
20200427,WV,19
20200427,WY,8
20200426,AK,2
20200426,AL,133
20200426,AR,112
20200426,AS,0
20200426,AZ,246
20200426,CA,1027
20200426,CO,712
20200426,CT,687
20200426,DC,142
20200426,DE,458
20200426,FL,689
20200426,GA,706
20200426,GU,0
20200426,HI,2
20200426,IA,384
20200426,ID,17
20200426,IL,2126
20200426,IN,617
20200426,KS,118
20200426,KY,126
20200426,LA,261
20200426,MA,1590
20200426,MD,815
20200426,ME,25
20200426,MI,575
20200426,MN,156
20200426,MO,171
20200426,MP,0
20200426,MS,193
20200426,MT,3
20200426,NC,207
20200426,ND,64
20200426,NE,311
20200426,NH,67
20200426,NJ,3515
20200426,NM,139
20200426,NV,63
20200426,NY,5902
20200426,OH,376
20200426,OK,60
20200426,OR,58
20200426,PA,1116
20200426,PR,64
20200426,RI,310
20200426,SC,237
20200426,SD,65
20200426,TN,478
20200426,TX,858
20200426,UT,175
20200426,VA,604
20200426,VI,2
20200426,VT,3
20200426,WA,106
20200426,WI,224
20200426,WV,24
20200426,WY,13
20200425,AK,0
20200425,AL,305
20200425,AR,88
20200425,AS,0
20200425,AZ,235
20200425,CA,1883
20200425,CO,994
20200425,CT,661
20200425,DC,171
20200425,DE,134
20200425,FL,665
20200425,GA,548
20200425,GU,0
20200425,HI,5
20200425,IA,647
20200425,ID,34
20200425,IL,2119
20200425,IN,715
20200425,KS,279
20200425,KY,298
20200425,LA,372
20200425,MA,2379
20200425,MD,1150
20200425,ME,25
20200425,MI,562
20200425,MN,261
20200425,MO,201
20200425,MP,0
20200425,MS,284
20200425,MT,1
20200425,NC,571
20200425,ND,55
20200425,NE,297
20200425,NH,50
20200425,NJ,3327
20200425,NM,142
20200425,NV,141
20200425,NY,10553
20200425,OH,418
20200425,OK,72
20200425,OR,76
20200425,PA,1397
20200425,PR,31
20200425,RI,430
20200425,SC,336
20200425,SD,107
20200425,TN,463
20200425,TX,967
20200425,UT,166
20200425,VA,772
20200425,VI,1
20200425,VT,9
20200425,WA,165
20200425,WI,331
20200425,WV,32
20200425,WY,0
20200424,AK,2
20200424,AL,54
20200424,AR,276
20200424,AS,0
20200424,AZ,276
20200424,CA,1885
20200424,CO,384
20200424,CT,821
20200424,DC,167
20200424,DE,134
20200424,FL,1342
20200424,GA,635
20200424,GU,6
20200424,HI,4
20200424,IA,521
20200424,ID,34
20200424,IL,2724
20200424,IN,641
20200424,KS,295
20200424,KY,108
20200424,LA,401
20200424,MA,2977
20200424,MD,879
20200424,ME,28
20200424,MI,1350
20200424,MN,243
20200424,MO,304
20200424,MP,0
20200424,MS,281
20200424,MT,2
20200424,NC,444
20200424,ND,39
20200424,NE,311
20200424,NH,82
20200424,NJ,2207
20200424,NM,169
20200424,NV,190
20200424,NY,8130
20200424,OH,475
20200424,OK,104
20200424,OR,50
20200424,PA,1599
20200424,PR,361
20200424,RI,437
20200424,SC,0
20200424,SD,84
20200424,TN,460
20200424,TX,862
20200424,UT,170
20200424,VA,596
20200424,VI,0
20200424,VT,9
20200424,WA,344
20200424,WI,304
20200424,WV,21
20200424,WY,23
20200423,AK,2
20200423,AL,313
20200423,AR,189
20200423,AS,0
20200423,AZ,310
20200423,CA,1973
20200423,CO,431
20200423,CT,631
20200423,DC,155
20200423,DE,108
20200423,FL,523
20200423,GA,772
20200423,GU,1
20200423,HI,10
20200423,IA,176
20200423,ID,36
20200423,IL,1826
20200423,IN,601
20200423,KS,271
20200423,KY,181
20200423,LA,481
20200423,MA,3079
20200423,MD,962
20200423,ME,30
20200423,MI,1325
20200423,MN,221
20200423,MO,184
20200423,MP,0
20200423,MS,259
20200423,MT,3
20200423,NC,388
20200423,ND,30
20200423,NE,91
20200423,NH,97
20200423,NJ,4124
20200423,NM,138
20200423,NV,127
20200423,NY,6244
20200423,OH,577
20200423,OK,123
20200423,OR,68
20200423,PA,1369
20200423,PR,0
20200423,RI,417
20200423,SC,156
20200423,SD,98
20200423,TN,424
20200423,TX,875
20200423,UT,167
20200423,VA,732
20200423,VI,0
20200423,VT,3
20200423,WA,261
20200423,WI,207
20200423,WV,28
20200423,WY,4
20200422,AK,6
20200422,AL,234
20200422,AR,49
20200422,AS,0
20200422,AZ,208
20200422,CA,2135
20200422,CO,341
20200422,CT,2109
20200422,DC,108
20200422,DE,269
20200422,FL,814
20200422,GA,859
20200422,GU,1
20200422,HI,-2
20200422,IA,107
20200422,ID,30
20200422,IL,2049
20200422,IN,341
20200422,KS,186
20200422,KY,142
20200422,LA,404
20200422,MA,1745
20200422,MD,582
20200422,ME,19
20200422,MI,999
20200422,MN,154
20200422,MO,196
20200422,MP,0
20200422,MS,178
20200422,MT,2
20200422,NC,269
20200422,ND,35
20200422,NE,74
20200422,NH,0
20200422,NJ,3478
20200422,NM,101
20200422,NV,144
20200422,NY,5526
20200422,OH,392
20200422,OK,87
20200422,OR,57
20200422,PA,1156
20200422,PR,-383
20200422,RI,378
20200422,SC,322
20200422,SD,103
20200422,TN,448
20200422,TX,873
20200422,UT,149
20200422,VA,636
20200422,VI,0
20200422,VT,3
20200422,WA,277
20200422,WI,225
20200422,WV,25
20200422,WY,2
20200421,AK,8
20200421,AL,206
20200421,AR,304
20200421,AS,0
20200421,AZ,187
20200421,CA,2283
20200421,CO,376
20200421,CT,545
20200421,DC,171
20200421,DE,186
20200421,FL,835
20200421,GA,934
20200421,GU,0
20200421,HI,4
20200421,IA,482
20200421,ID,64
20200421,IL,1551
20200421,IN,411
20200421,KS,39
20200421,KY,90
20200421,LA,331
20200421,MA,1752
20200421,MD,509
20200421,ME,13
20200421,MI,967
20200421,MN,97
20200421,MO,134
20200421,MP,0
20200421,MS,204
20200421,MT,4
20200421,NC,187
20200421,ND,17
20200421,NE,174
20200421,NH,99
20200421,NJ,3581
20200421,NM,126
20200421,NV,107
20200421,NY,4178
20200421,OH,806
20200421,OK,127
20200421,OR,46
20200421,PA,1296
20200421,PR,46
20200421,RI,369
20200421,SC,62
20200421,SD,70
20200421,TN,156
20200421,TX,738
20200421,UT,83
20200421,VA,640
20200421,VI,1
20200421,VT,8
20200421,WA,264
20200421,WI,121
20200421,WV,12
20200421,WY,7
20200420,AK,2
20200420,AL,188
20200420,AR,142
20200420,AS,0
20200420,AZ,135
20200420,CA,645
20200420,CO,297
20200420,CT,2265
20200420,DC,134
20200420,DE,207
20200420,FL,664
20200420,GA,646
20200420,GU,0
20200420,HI,6
20200420,IA,257
20200420,ID,4
20200420,IL,1151
20200420,IN,476
20200420,KS,137
20200420,KY,253
20200420,LA,595
20200420,MA,1596
20200420,MD,854
20200420,ME,8
20200420,MI,576
20200420,MN,114
20200420,MO,140
20200420,MP,0
20200420,MS,238
20200420,MT,0
20200420,NC,271
20200420,ND,42
20200420,NE,187
20200420,NH,50
20200420,NJ,3505
20200420,NM,47
20200420,NV,102
20200420,NY,4726
20200420,OH,1317
20200420,OK,81
20200420,OR,46
20200420,PA,948
20200420,PR,39
20200420,RI,343
20200420,SC,0
20200420,SD,50
20200420,TN,168
20200420,TX,535
20200420,UT,144
20200420,VA,453
20200420,VI,0
20200420,VT,3
20200420,WA,326
20200420,WI,153
20200420,WV,39
20200420,WY,4
20200419,AK,5
20200419,AL,182
20200419,AR,42
20200419,AS,0
20200419,AZ,210
20200419,CA,1370
20200419,CO,386
20200419,CT,741
20200419,DC,127
20200419,DE,215
20200419,FL,727
20200419,GA,632
20200419,GU,0
20200419,HI,21
20200419,IA,389
20200419,ID,13
20200419,IL,1197
20200419,IN,569
20200419,KS,59
20200419,KY,185
20200419,LA,348
20200419,MA,2293
20200419,MD,522
20200419,ME,20
20200419,MI,633
20200419,MN,143
20200419,MO,150
20200419,MP,0
20200419,MS,300
20200419,MT,7
20200419,NC,353
20200419,ND,57
20200419,NE,149
20200419,NH,55
20200419,NJ,3881
20200419,NM,87
20200419,NV,102
20200419,NY,6054
20200419,OH,1380
20200419,OK,29
20200419,OR,66
20200419,PA,1215
20200419,PR,95
20200419,RI,276
20200419,SC,131
20200419,SD,93
20200419,TN,308
20200419,TX,663
20200419,UT,138
20200419,VA,484
20200419,VI,0
20200419,VT,4
20200419,WA,89
20200419,WI,147
20200419,WV,78
20200419,WY,4
20200418,AK,5
20200418,AL,125
20200418,AR,44
20200418,AS,0
20200418,AZ,212
20200418,CA,1435
20200418,CO,372
20200418,CT,0
20200418,DC,190
20200418,DE,0
20200418,FL,1150
20200418,GA,475
20200418,GU,0
20200418,HI,12
20200418,IA,181
20200418,ID,46
20200418,IL,1585
20200418,IN,487
20200418,KS,85
20200418,KY,93
20200418,LA,462
20200418,MA,2402
20200418,MD,736
20200418,ME,20
20200418,MI,768
20200418,MN,142
20200418,MO,234
20200418,MP,1
20200418,MS,181
20200418,MT,4
20200418,NC,281
20200418,ND,89
20200418,NE,72
20200418,NH,0
20200418,NJ,2953
20200418,NM,114
20200418,NV,102
20200418,NY,7090
20200418,OH,1115
20200418,OK,105
20200418,OR,59
20200418,PA,1628
20200418,PR,50
20200418,RI,302
20200418,SC,315
20200418,SD,131
20200418,TN,173
20200418,TX,889
20200418,UT,126
20200418,VA,562
20200418,VI,2
20200418,VT,11
20200418,WA,169
20200418,WI,154
20200418,WV,31
20200418,WY,9
20200417,AK,9
20200417,AL,185
20200417,AR,75
20200417,AS,0
20200417,AZ,273
20200417,CA,1346
20200417,CO,395
20200417,CT,925
20200417,DC,126
20200417,DE,248
20200417,FL,1222
20200417,GA,1525
20200417,GU,0
20200417,HI,11
20200417,IA,191
20200417,ID,22
20200417,IL,1842
20200417,IN,612
20200417,KS,117
20200417,KY,138
20200417,LA,586
20200417,MA,2633
20200417,MD,788
20200417,ME,31
20200417,MI,760
20200417,MN,159
20200417,MO,172
20200417,MP,0
20200417,MS,169
20200417,MT,7
20200417,NC,394
20200417,ND,46
20200417,NE,114
20200417,NH,148
20200417,NJ,3150
20200417,NM,113
20200417,NV,203
20200417,NY,7358
20200417,OH,693
20200417,OK,108
20200417,OR,49
20200417,PA,1706
20200417,PR,25
20200417,RI,339
20200417,SC,275
20200417,SD,100
20200417,TN,327
20200417,TX,916
20200417,UT,122
20200417,VA,602
20200417,VI,0
20200417,VT,10
20200417,WA,341
20200417,WI,170
20200417,WV,15
20200417,WY,0
20200416,AK,7
20200416,AL,232
20200416,AR,51
20200416,AS,0
20200416,AZ,272
20200416,CA,1758
20200416,CO,339
20200416,CT,1129
20200416,DC,153
20200416,DE,61
20200416,FL,386
20200416,GA,682
20200416,GU,0
20200416,HI,13
20200416,IA,146
20200416,ID,123
20200416,IL,1140
20200416,IN,587
20200416,KS,94
20200416,KY,81
20200416,LA,581
20200416,MA,2522
20200416,MD,752
20200416,ME,26
20200416,MI,1204
20200416,MN,103
20200416,MO,216
20200416,MP,0
20200416,MS,264
20200416,MT,11
20200416,NC,342
20200416,ND,28
20200416,NE,51
20200416,NH,0
20200416,NJ,4287
20200416,NM,77
20200416,NV,110
20200416,NY,8505
20200416,OH,623
20200416,OK,94
20200416,OR,73
20200416,PA,1245
20200416,PR,69
20200416,RI,309
20200416,SC,0
20200416,SD,143
20200416,TN,183
20200416,TX,963
20200416,UT,141
20200416,VA,389
20200416,VI,0
20200416,VT,13
20200416,WA,304
20200416,WI,154
20200416,WV,37
20200416,WY,9
20200415,AK,8
20200415,AL,237
20200415,AR,89
20200415,AS,0
20200415,AZ,156
20200415,CA,1086
20200415,CO,250
20200415,CT,766
20200415,DC,139
20200415,DE,253
20200415,FL,1144
20200415,GA,764
20200415,GU,0
20200415,HI,13
20200415,IA,96
20200415,ID,11
20200415,IL,1346
20200415,IN,428
20200415,KS,68
20200415,KY,162
20200415,LA,433
20200415,MA,1861
20200415,MD,560
20200415,ME,36
20200415,MI,1058
20200415,MN,114
20200415,MO,209
20200415,MP,0
20200415,MS,273
20200415,MT,5
20200415,NC,99
20200415,ND,24
20200415,NE,30
20200415,NH,119
20200415,NJ,2206
20200415,NM,62
20200415,NV,123
20200415,NY,11571
20200415,OH,511
20200415,OK,79
20200415,OR,30
20200415,PA,1145
20200415,PR,51
20200415,RI,278
20200415,SC,103
20200415,SD,180
20200415,TN,256
20200415,TX,868
20200415,UT,130
20200415,VA,329
20200415,VI,0
20200415,VT,9
20200415,WA,324
20200415,WI,166
20200415,WV,62
20200415,WY,12
20200414,AK,8
20200414,AL,142
20200414,AR,70
20200414,AS,0
20200414,AZ,104
20200414,CA,990
20200414,CO,7
20200414,CT,608
20200414,DC,103
20200414,DE,136
20200414,FL,766
20200414,GA,908
20200414,GU,0
20200414,HI,5
20200414,IA,189
20200414,ID,27
20200414,IL,1222
20200414,IN,291
20200414,KS,50
20200414,KY,85
20200414,LA,502
20200414,MA,1315
20200414,MD,536
20200414,ME,36
20200414,MI,1366
20200414,MN,45
20200414,MO,298
20200414,MP,2
20200414,MS,145
20200414,MT,5
20200414,NC,208
20200414,ND,10
20200414,NE,57
20200414,NH,35
20200414,NJ,4240
20200414,NM,100
20200414,NV,117
20200414,NY,7177
20200414,OH,305
20200414,OK,115
20200414,OR,49
20200414,PA,1146
20200414,PR,20
20200414,RI,275
20200414,SC,234
20200414,SD,120
20200414,TN,213
20200414,TX,718
20200414,UT,49
20200414,VA,424
20200414,VI,0
20200414,VT,9
20200414,WA,291
20200414,WI,127
20200414,WV,14
20200414,WY,0
20200413,AK,5
20200413,AL,209
20200413,AR,130
20200413,AS,0
20200413,AZ,163
20200413,CA,554
20200413,CO,791
20200413,CT,1346
20200413,DC,80
20200413,DE,146
20200413,FL,1246
20200413,GA,863
20200413,GU,0
20200413,HI,13
20200413,IA,123
20200413,ID,19
20200413,IL,1173
20200413,IN,308
20200413,KS,39
20200413,KY,123
20200413,LA,421
20200413,MA,1413
20200413,MD,711
20200413,ME,65
20200413,MI,997
20200413,MN,29
20200413,MO,228
20200413,MP,0
20200413,MS,161
20200413,MT,7
20200413,NC,296
20200413,ND,23
20200413,NE,23
20200413,NH,56
20200413,NJ,2734
20200413,NM,71
20200413,NV,135
20200413,NY,6337
20200413,OH,371
20200413,OK,99
20200413,OR,57
20200413,PA,1366
20200413,PR,6
20200413,RI,311
20200413,SC,0
20200413,SD,138
20200413,TN,302
20200413,TX,422
20200413,UT,60
20200413,VA,473
20200413,VI,0
20200413,VT,7
20200413,WA,355
20200413,WI,87
20200413,WV,15
20200413,WY,14
20200412,AK,15
20200412,AL,334
20200412,AR,54
20200412,AS,0
20200412,AZ,146
20200412,CA,1179
20200412,CO,383
20200412,CT,525
20200412,DC,97
20200412,DE,0
20200412,FL,861
20200412,GA,293
20200412,GU,0
20200412,HI,21
20200412,IA,77
20200412,ID,11
20200412,IL,1672
20200412,IN,493
20200412,KS,69
20200412,KY,147
20200412,LA,581
20200412,MA,2615
20200412,MD,531
20200412,ME,17
20200412,MI,645
20200412,MN,194
20200412,MO,136
20200412,MP,0
20200412,MS,139
20200412,MT,10
20200412,NC,208
20200412,ND,15
20200412,NE,91
20200412,NH,44
20200412,NJ,3699
20200412,NM,83
20200412,NV,136
20200412,NY,8236
20200412,OH,354
20200412,OK,102
20200412,OR,156
20200412,PA,1178
20200412,PR,109
20200412,RI,316
20200412,SC,112
20200412,SD,104
20200412,TN,194
20200412,TX,923
20200412,UT,97
20200412,VA,197
20200412,VI,0
20200412,VT,21
20200412,WA,84
20200412,WI,128
20200412,WV,34
20200412,WY,0
20200411,AK,11
20200411,AL,223
20200411,AR,55
20200411,AS,0
20200411,AZ,281
20200411,CA,1143
20200411,CO,0
20200411,CT,972
20200411,DC,118
20200411,DE,153
20200411,FL,963
20200411,GA,676
20200411,GU,3
20200411,HI,23
20200411,IA,122
20200411,ID,43
20200411,IL,1293
20200411,IN,528
20200411,KS,102
20200411,KY,0
20200411,LA,761
20200411,MA,1888
20200411,MD,726
20200411,ME,30
20200411,MI,1210
20200411,MN,91
20200411,MO,225
20200411,MP,0
20200411,MS,173
20200411,MT,12
20200411,NC,404
20200411,ND,15
20200411,NE,65
20200411,NH,66
20200411,NJ,3563
20200411,NM,0
20200411,NV,116
20200411,NY,9946
20200411,OH,372
20200411,OK,74
20200411,OR,50
20200411,PA,1676
20200411,PR,63
20200411,RI,334
20200411,SC,142
20200411,SD,90
20200411,TN,252
20200411,TX,890
20200411,UT,104
20200411,VA,568
20200411,VI,1
20200411,VT,20
20200411,WA,154
20200411,WI,145
20200411,WV,23
20200411,WY,8
20200410,AK,11
20200410,AL,199
20200410,AR,52
20200410,AS,0
20200410,AZ,94
20200410,CA,1163
20200410,CO,855
20200410,CT,754
20200410,DC,137
20200410,DE,119
20200410,FL,1167
20200410,GA,917
20200410,GU,2
20200410,HI,7
20200410,IA,118
20200410,ID,121
20200410,IL,1465
20200410,IN,556
20200410,KS,60
20200410,KY,347
20200410,LA,970
20200410,MA,2035
20200410,MD,783
20200410,ME,26
20200410,MI,1279
20200410,MN,94
20200410,MO,260
20200410,MP,0
20200410,MS,209
20200410,MT,11
20200410,NC,257
20200410,ND,9
20200410,NE,68
20200410,NH,31
20200410,NJ,3561
20200410,NM,226
20200410,NV,128
20200410,NY,10575
20200410,OH,366
20200410,OK,110
20200410,OR,0
20200410,PA,1751
20200410,PR,42
20200410,RI,288
20200410,SC,273
20200410,SD,89
20200410,TN,228
20200410,TX,1441
20200410,UT,126
20200410,VA,467
20200410,VI,4
20200410,VT,33
20200410,WA,301
20200410,WI,183
20200410,WV,31
20200410,WY,23
20200409,AK,9
20200409,AL,400
20200409,AR,119
20200409,AS,0
20200409,AZ,292
20200409,CA,1352
20200409,CO,226
20200409,CT,2003
20200409,DC,83
20200409,DE,279
20200409,FL,909
20200409,GA,665
20200409,GU,3
20200409,HI,25
20200409,IA,125
20200409,ID,22
20200409,IL,1344
20200409,IN,408
20200409,KS,60
20200409,KY,197
20200409,LA,1253
20200409,MA,2151
20200409,MD,656
20200409,ME,23
20200409,MI,915
20200409,MN,88
20200409,MO,212
20200409,MP,0
20200409,MS,257
20200409,MT,22
20200409,NC,225
20200409,ND,18
20200409,NE,48
20200409,NH,0
20200409,NJ,3590
20200409,NM,71
20200409,NV,138
20200409,NY,10621
20200409,OH,364
20200409,OK,160
20200409,OR,82
20200409,PA,1989
20200409,PR,63
20200409,RI,277
20200409,SC,240
20200409,SD,54
20200409,TN,272
20200409,TX,877
20200409,UT,130
20200409,VA,397
20200409,VI,1
20200409,VT,49
20200409,WA,362
20200409,WI,129
20200409,WV,61
20200409,WY,9
20200408,AK,13
20200408,AL,250
20200408,AR,54
20200408,AS,0
20200408,AZ,151
20200408,CA,1092
20200408,CO,257
20200408,CT,0
20200408,DC,229
20200408,DE,0
20200408,FL,708
20200408,GA,1083
20200408,GU,4
20200408,HI,23
20200408,IA,97
20200408,ID,40
20200408,IL,1529
20200408,IN,436
20200408,KS,146
20200408,KY,141
20200408,LA,746
20200408,MA,1588
20200408,MD,1158
20200408,ME,18
20200408,MI,766
20200408,MN,85
20200408,MO,290
20200408,MP,3
20200408,MS,88
20200408,MT,13
20200408,NC,205
20200408,ND,14
20200408,NE,72
20200408,NH,73
20200408,NJ,3021
20200408,NM,108
20200408,NV,231
20200408,NY,10453
20200408,OH,366
20200408,OK,52
20200408,OR,58
20200408,PA,1680
20200408,PR,47
20200408,RI,220
20200408,SC,135
20200408,SD,73
20200408,TN,224
20200408,TX,1091
20200408,UT,108
20200408,VA,312
20200408,VI,2
20200408,VT,23
20200408,WA,341
20200408,WI,178
20200408,WV,50
20200408,WY,5
20200407,AK,22
20200407,AL,151
20200407,AR,71
20200407,AS,0
20200407,AZ,119
20200407,CA,1529
20200407,CO,222
20200407,CT,875
20200407,DC,114
20200407,DE,255
20200407,FL,1423
20200407,GA,1504
20200407,GU,8
20200407,HI,16
20200407,IA,102
20200407,ID,69
20200407,IL,1287
20200407,IN,563
20200407,KS,55
20200407,KY,53
20200407,LA,1417
20200407,MA,1365
20200407,MD,326
20200407,ME,20
20200407,MI,973
20200407,MN,83
20200407,MO,315
20200407,MP,0
20200407,MS,177
20200407,MT,20
20200407,NC,351
20200407,ND,12
20200407,NE,38
20200407,NH,46
20200407,NJ,3326
20200407,NM,62
20200407,NV,134
20200407,NY,8174
20200407,OH,332
20200407,OK,145
20200407,OR,49
20200407,PA,1579
20200407,PR,60
20200407,RI,148
20200407,SC,368
20200407,SD,32
20200407,TN,336
20200407,TX,986
20200407,UT,63
20200407,VA,455
20200407,VI,0
20200407,VT,33
20200407,WA,409
20200407,WI,138
20200407,WV,67
20200407,WY,6
20200406,AK,6
20200406,AL,172
20200406,AR,45
20200406,AS,0
20200406,AZ,187
20200406,CA,898
20200406,CO,385
20200406,CT,1231
20200406,DC,99
20200406,DE,0
20200406,FL,1173
20200406,GA,667
20200406,GU,1
20200406,HI,20
20200406,IA,78
20200406,ID,24
20200406,IL,1006
20200406,IN,533
20200406,KS,98
20200406,KY,38
20200406,LA,1857
20200406,MA,1337
20200406,MD,436
20200406,ME,29
20200406,MI,1283
20200406,MN,51
20200406,MO,355
20200406,MP,0
20200406,MS,100
20200406,MT,13
20200406,NC,285
20200406,ND,18
20200406,NE,46
20200406,NH,48
20200406,NJ,3585
20200406,NM,81
20200406,NV,117
20200406,NY,8658
20200406,OH,407
20200406,OK,75
20200406,OR,64
20200406,PA,1470
20200406,PR,38
20200406,RI,160
20200406,SC,0
20200406,SD,48
20200406,TN,169
20200406,TX,464
20200406,UT,70
20200406,VA,241
20200406,VI,1
20200406,VT,32
20200406,WA,393
20200406,WI,173
20200406,WV,21
20200406,WY,13
20200405,AK,14
20200405,AL,216
20200405,AR,87
20200405,AS,0
20200405,AZ,250
20200405,CA,1412
20200405,CO,392
20200405,CT,399
20200405,DC,96
20200405,DE,80
20200405,FL,1040
20200405,GA,487
20200405,GU,19
20200405,HI,32
20200405,IA,82
20200405,ID,64
20200405,IL,899
20200405,IN,458
20200405,KS,49
20200405,KY,86
20200405,LA,514
20200405,MA,765
20200405,MD,484
20200405,ME,14
20200405,MI,1172
20200405,MN,70
20200405,MO,76
20200405,MP,0
20200405,MS,183
20200405,MT,21
20200405,NC,183
20200405,ND,21
20200405,NE,42
20200405,NH,81
20200405,NJ,3381
20200405,NM,48
20200405,NV,94
20200405,NY,8327
20200405,OH,304
20200405,OK,93
20200405,OR,69
20200405,PA,1493
20200405,PR,23
20200405,RI,116
20200405,SC,132
20200405,SD,28
20200405,TN,312
20200405,TX,702
20200405,UT,177
20200405,VA,230
20200405,VI,2
20200405,VT,31
20200405,WA,169
20200405,WI,155
20200405,WV,42
20200405,WY,10
20200404,AK,14
20200404,AL,148
20200404,AR,39
20200404,AS,0
20200404,AZ,250
20200404,CA,1325
20200404,CO,445
20200404,CT,362
20200404,DC,145
20200404,DE,143
20200404,FL,1526
20200404,GA,329
20200404,GU,9
20200404,HI,34
20200404,IA,87
20200404,ID,122
20200404,IL,1453
20200404,IN,516
20200404,KS,78
20200404,KY,61
20200404,LA,2199
20200404,MA,1334
20200404,MD,367
20200404,ME,24
20200404,MI,1143
20200404,MN,76
20200404,MO,178
20200404,MP,0
20200404,MS,97
20200404,MT,22
20200404,NC,309
20200404,ND,13
20200404,NE,42
20200404,NH,61
20200404,NJ,4229
20200404,NM,92
20200404,NV,228
20200404,NY,10841
20200404,OH,427
20200404,OK,171
20200404,OR,100
20200404,PA,1597
20200404,PR,74
20200404,RI,97
20200404,SC,363
20200404,SD,25
20200404,TN,254
20200404,TX,780
20200404,UT,182
20200404,VA,395
20200404,VI,2
20200404,VT,52
20200404,WA,208
20200404,WI,200
20200404,WV,45
20200404,WY,25
20200403,AK,14
20200403,AL,199
20200403,AR,61
20200403,AS,0
20200403,AZ,171
20200403,CA,1510
20200403,CO,386
20200403,CT,1090
20200403,DC,104
20200403,DE,57
20200403,FL,1575
20200403,GA,483
20200403,GU,2
20200403,HI,27
20200403,IA,85
20200403,ID,222
20200403,IL,1209
20200403,IN,398
20200403,KS,68
20200403,KY,90
20200403,LA,1147
20200403,MA,1436
20200403,MD,427
20200403,ME,56
20200403,MI,1135
20200403,MN,47
20200403,MO,279
20200403,MP,0
20200403,MS,181
20200403,MT,16
20200403,NC,236
20200403,ND,14
20200403,NE,33
20200403,NH,64
20200403,NJ,4305
20200403,NM,40
20200403,NV,56
20200403,NY,10482
20200403,OH,410
20200403,OK,109
20200403,OR,73
20200403,PA,1404
20200403,PR,62
20200403,RI,52
20200403,SC,0
20200403,SD,22
20200403,TN,222
20200403,TX,661
20200403,UT,172
20200403,VA,306
20200403,VI,5
20200403,VT,70
20200403,WA,409
20200403,WI,182
20200403,WV,20
20200403,WY,12
20200402,AK,10
20200402,AL,156
20200402,AR,59
20200402,AS,0
20200402,AZ,185
20200402,CA,1036
20200402,CO,376
20200402,CT,267
20200402,DC,67
20200402,DE,25
20200402,FL,1055
20200402,GA,710
20200402,GU,5
20200402,HI,50
20200402,IA,65
20200402,ID,144
20200402,IL,715
20200402,IN,474
20200402,KS,70
20200402,KY,89
20200402,LA,2726
20200402,MA,1228
20200402,MD,346
20200402,ME,32
20200402,MI,1229
20200402,MN,53
20200402,MO,253
20200402,MP,2
20200402,MS,104
20200402,MT,19
20200402,NC,273
20200402,ND,17
20200402,NE,36
20200402,NH,0
20200402,NJ,3335
20200402,NM,48
20200402,NV,179
20200402,NY,8669
20200402,OH,355
20200402,OK,160
20200402,OR,90
20200402,PA,1211
20200402,PR,30
20200402,RI,91
20200402,SC,261
20200402,SD,36
20200402,TN,162
20200402,TX,672
20200402,UT,62
20200402,VA,222
20200402,VI,3
20200402,VT,31
20200402,WA,404
20200402,WI,180
20200402,WV,26
20200402,WY,20
20200401,AK,14
20200401,AL,96
20200401,AR,61
20200401,AS,0
20200401,AZ,124
20200401,CA,673
20200401,CO,339
20200401,CT,429
20200401,DC,91
20200401,DE,49
20200401,FL,617
20200401,GA,709
20200401,GU,8
20200401,HI,4
20200401,IA,52
20200401,ID,110
20200401,IL,986
20200401,IN,406
20200401,KS,54
20200401,KY,111
20200401,LA,1187
20200401,MA,1118
20200401,MD,325
20200401,ME,41
20200401,MI,1013
20200401,MN,60
20200401,MO,254
20200401,MP,4
20200401,MS,136
20200401,MT,24
20200401,NC,86
20200401,ND,16
20200401,NE,38
20200401,NH,101
20200401,NJ,3559
20200401,NM,34
20200401,NV,166
20200401,NY,7917
20200401,OH,348
20200401,OK,154
20200401,OR,46
20200401,PA,962
20200401,PR,47
20200401,RI,77
20200401,SC,210
20200401,SD,21
20200401,TN,444
20200401,TX,731
20200401,UT,125
20200401,VA,234
20200401,VI,0
20200401,VT,39
20200401,WA,446
20200401,WI,199
20200401,WV,29
20200401,WY,21
20200331,AK,5
20200331,AL,122
20200331,AR,50
20200331,AS,0
20200331,AZ,132
20200331,CA,1035
20200331,CO,0
20200331,CT,557
20200331,DC,94
20200331,DE,55
20200331,FL,865
20200331,GA,1120
20200331,GU,11
20200331,HI,29
20200331,IA,73
20200331,ID,105
20200331,IL,937
20200331,IN,373
20200331,KS,60
20200331,KY,41
20200331,LA,1212
20200331,MA,868
20200331,MD,247
20200331,ME,28
20200331,MI,974
20200331,MN,53
20200331,MO,296
20200331,MP,0
20200331,MS,90
20200331,MT,13
20200331,NC,191
20200331,ND,17
20200331,NE,27
20200331,NH,0
20200331,NJ,2060
20200331,NM,44
20200331,NV,105
20200331,NY,9298
20200331,OH,266
20200331,OK,84
20200331,OR,84
20200331,PA,756
20200331,PR,65
20200331,RI,87
20200331,SC,158
20200331,SD,7
20200331,TN,405
20200331,TX,389
20200331,UT,81
20200331,VA,230
20200331,VI,0
20200331,VT,27
20200331,WA,467
20200331,WI,130
20200331,WV,36
20200331,WY,15
20200330,AK,12
20200330,AL,53
20200330,AR,47
20200330,AS,0
20200330,AZ,238
20200330,CA,739
20200330,CO,566
20200330,CT,578
20200330,DC,59
20200330,DE,32
20200330,FL,1227
20200330,GA,158
20200330,GU,2
20200330,HI,24
20200330,IA,88
20200330,ID,49
20200330,IL,461
20200330,IN,272
20200330,KS,49
20200330,KY,45
20200330,LA,485
20200330,MA,797
20200330,MD,174
20200330,ME,22
20200330,MI,891
20200330,MN,73
20200330,MO,193
20200330,MP,0
20200330,MS,89
20200330,MT,17
20200330,NC,267
20200330,ND,11
20200330,NE,37
20200330,NH,100
20200330,NJ,3250
20200330,NM,0
20200330,NV,270
20200330,NY,6984
20200330,OH,280
20200330,OK,52
20200330,OR,58
20200330,PA,693
20200330,PR,47
20200330,RI,108
20200330,SC,151
20200330,SD,11
20200330,TN,297
20200330,TX,325
20200330,UT,87
20200330,VA,130
20200330,VI,7
20200330,VT,37
20200330,WA,561
20200330,WI,109
20200330,WV,13
20200330,WY,8
20200329,AK,17
20200329,AL,110
20200329,AR,22
20200329,AS,0
20200329,AZ,46
20200329,CA,1065
20200329,CO,327
20200329,CT,702
20200329,DC,38
20200329,DE,18
20200329,FL,483
20200329,GA,285
20200329,GU,1
20200329,HI,31
20200329,IA,38
20200329,ID,31
20200329,IL,1105
20200329,IN,282
20200329,KS,58
20200329,KY,92
20200329,LA,225
20200329,MA,698
20200329,MD,247
20200329,ME,42
20200329,MI,723
20200329,MN,62
20200329,MO,0
20200329,MP,0
20200329,MS,95
20200329,MT,25
20200329,NC,105
20200329,ND,15
20200329,NE,12
20200329,NH,27
20200329,NJ,2262
20200329,NM,46
20200329,NV,117
20200329,NY,7195
20200329,OH,247
20200329,OK,52
20200329,OR,69
20200329,PA,643
20200329,PR,27
20200329,RI,55
20200329,SC,235
20200329,SD,22
20200329,TN,164
20200329,TX,500
20200329,UT,117
20200329,VA,151
20200329,VI,1
20200329,VT,22
20200329,WA,238
20200329,WI,123
20200329,WV,17
20200329,WY,4
20200328,AK,16
20200328,AL,109
20200328,AR,23
20200328,AS,0
20200328,AZ,137
20200328,CA,764
20200328,CO,304
20200328,CT,0
20200328,DC,37
20200328,DE,51
20200328,FL,998
20200328,GA,365
20200328,GU,4
20200328,HI,14
20200328,IA,63
20200328,ID,41
20200328,IL,465
20200328,IN,251
20200328,KS,59
20200328,KY,54
20200328,LA,569
20200328,MA,1007
20200328,MD,218
20200328,ME,43
20200328,MI,628
20200328,MN,43
20200328,MO,169
20200328,MP,2
20200328,MS,84
20200328,MT,21
20200328,NC,172
20200328,ND,18
20200328,NE,11
20200328,NH,29
20200328,NJ,2299
20200328,NM,55
20200328,NV,86
20200328,NY,7683
20200328,OH,269
20200328,OK,55
20200328,OR,65
20200328,PA,533
20200328,PR,21
20200328,RI,36
20200328,SC,83
20200328,SD,10
20200328,TN,170
20200328,TX,321
20200328,UT,122
20200328,VA,135
20200328,VI,3
20200328,VT,21
20200328,WA,283
20200328,WI,147
20200328,WV,20
20200328,WY,12
20200327,AK,10
20200327,AL,81
20200327,AR,46
20200327,AS,0
20200327,AZ,159
20200327,CA,873
20200327,CO,344
20200327,CT,279
20200327,DC,36
20200327,DE,33
20200327,FL,410
20200327,GA,476
20200327,GU,6
20200327,HI,11
20200327,IA,56
20200327,ID,66
20200327,IL,488
20200327,IN,336
20200327,KS,34
20200327,KY,50
20200327,LA,441
20200327,MA,833
20200327,MD,194
20200327,ME,13
20200327,MI,892
20200327,MN,52
20200327,MO,167
20200327,MP,0
20200327,MS,94
20200327,MT,37
20200327,NC,127
20200327,ND,13
20200327,NE,12
20200327,NH,21
20200327,NJ,1949
20200327,NM,24
20200327,NV,115
20200327,NY,7377
20200327,OH,270
20200327,OK,74
20200327,OR,87
20200327,PA,531
20200327,PR,15
20200327,RI,38
20200327,SC,0
20200327,SD,12
20200327,TN,246
20200327,TX,335
20200327,UT,78
20200327,VA,144
20200327,VI,2
20200327,VT,28
20200327,WA,450
20200327,WI,135
20200327,WV,25
20200327,WY,17
20200326,AK,17
20200326,AL,223
20200326,AR,55
20200326,AS,0
20200326,AZ,127
20200326,CA,651
20200326,CO,174
20200326,CT,137
20200326,DC,48
20200326,DE,15
20200326,FL,673
20200326,GA,278
20200326,GU,8
20200326,HI,5
20200326,IA,34
20200326,ID,50
20200326,IL,673
20200326,IN,168
20200326,KS,42
20200326,KY,41
20200326,LA,510
20200326,MA,579
20200326,MD,157
20200326,ME,6
20200326,MI,707
20200326,MN,59
20200326,MO,146
20200326,MP,0
20200326,MS,108
20200326,MT,18
20200326,NC,132
20200326,ND,13
20200326,NE,12
20200326,NH,29
20200326,NJ,2474
20200326,NM,12
20200326,NV,99
20200326,NY,6447
20200326,OH,163
20200326,OK,84
20200326,OR,118
20200326,PA,560
20200326,PR,13
20200326,RI,33
20200326,SC,32
20200326,SD,5
20200326,TN,173
20200326,TX,422
20200326,UT,56
20200326,VA,69
20200326,VI,0
20200326,VT,25
20200326,WA,432
20200326,WI,122
20200326,WV,12
20200326,WY,9
20200325,AK,6
20200325,AL,68
20200325,AR,62
20200325,AS,0
20200325,AZ,93
20200325,CA,253
20200325,CO,192
20200325,CT,257
20200325,DC,46
20200325,DE,24
20200325,FL,270
20200325,GA,221
20200325,GU,5
20200325,HI,13
20200325,IA,21
20200325,ID,23
20200325,IL,330
20200325,IN,112
20200325,KS,28
20200325,KY,33
20200325,LA,407
20200325,MA,679
20200325,MD,74
20200325,ME,24
20200325,MI,619
20200325,MN,25
20200325,MO,173
20200325,MP,0
20200325,MS,57
20200325,MT,7
20200325,NC,106
20200325,ND,5
20200325,NE,9
20200325,NH,7
20200325,NJ,727
20200325,NM,17
20200325,NV,43
20200325,NY,5146
20200325,OH,140
20200325,OK,58
20200325,OR,0
20200325,PA,276
20200325,PR,12
20200325,RI,8
20200325,SC,126
20200325,SD,11
20200325,TN,117
20200325,TX,564
20200325,UT,47
20200325,VA,101
20200325,VI,0
20200325,VT,35
20200325,WA,439
20200325,WI,128
20200325,WV,19
20200325,WY,15
20200324,AK,14
20200324,AL,48
20200324,AR,44
20200324,AS,0
20200324,AZ,92
20200324,CA,369
20200324,CO,129
20200324,CT,203
20200324,DC,21
20200324,DE,23
20200324,FL,241
20200324,GA,254
20200324,GU,3
20200324,HI,21
20200324,IA,19
20200324,ID,3
20200324,IL,262
20200324,IN,106
20200324,KS,16
20200324,KY,20
20200324,LA,216
20200324,MA,382
20200324,MD,61
20200324,ME,18
20200324,MI,652
20200324,MN,27
20200324,MO,0
20200324,MP,0
20200324,MS,71
20200324,MT,12
20200324,NC,101
20200324,ND,4
20200324,NE,2
20200324,NH,23
20200324,NJ,831
20200324,NM,18
20200324,NV,33
20200324,NY,4790
20200324,OH,122
20200324,OK,25
20200324,OR,18
20200324,PA,207
20200324,PR,8
20200324,RI,18
20200324,SC,0
20200324,SD,2
20200324,TN,52
20200324,TX,58
20200324,UT,42
20200324,VA,36
20200324,VI,0
20200324,VT,28
20200324,WA,434
20200324,WI,41
20200324,WV,4
20200324,WY,3
20200323,AK,0
20200323,AL,29
20200323,AR,9
20200323,AS,0
20200323,AZ,113
20200323,CA,197
20200323,CO,116
20200323,CT,192
20200323,DC,18
20200323,DE,12
20200323,FL,341
20200323,GA,172
20200323,GU,2
20200323,HI,8
20200323,IA,15
20200323,ID,5
20200323,IL,224
20200323,IN,58
20200323,KS,18
20200323,KY,5
20200323,LA,335
20200323,MA,131
20200323,MD,44
20200323,ME,18
20200323,MI,691
20200323,MN,66
20200323,MO,93
20200323,MP,0
20200323,MS,42
20200323,MT,3
20200323,NC,42
20200323,ND,2
20200323,NE,2
20200323,NH,13
20200323,NJ,930
20200323,NM,8
20200323,NV,55
20200323,NY,5707
20200323,OH,91
20200323,OK,14
20200323,OR,30
20200323,PA,165
20200323,PR,8
20200323,RI,23
20200323,SC,103
20200323,SD,7
20200323,TN,110
20200323,TX,18
20200323,UT,76
20200323,VA,35
20200323,VI,11
20200323,VT,21
20200323,WA,463
20200323,WI,31
20200323,WV,4
20200323,WY,2
20200322,AK,8
20200322,AL,14
20200322,AR,47
20200322,AS,0
20200322,AZ,48
20200322,CA,257
20200322,CO,112
20200322,CT,29
20200322,DC,21
20200322,DE,11
20200322,FL,172
20200322,GA,93
20200322,GU,12
20200322,HI,11
20200322,IA,22
20200322,ID,11
20200322,IL,296
20200322,IN,75
20200322,KS,9
20200322,KY,45
20200322,LA,257
20200322,MA,121
20200322,MD,54
20200322,ME,16
20200322,MI,555
20200322,MN,31
20200322,MO,17
20200322,MP,0
20200322,MS,67
20200322,MT,11
20200322,NC,71
20200322,ND,0
20200322,NE,10
20200322,NH,10
20200322,NJ,587
20200322,NM,0
20200322,NV,66
20200322,NY,4812
20200322,OH,104
20200322,OK,14
20200322,OR,47
20200322,PA,108
20200322,PR,2
20200322,RI,17
20200322,SC,43
20200322,SD,7
20200322,TN,134
20200322,TX,30
20200322,UT,45
20200322,VA,67
20200322,VI,0
20200322,VT,24
20200322,WA,183
20200322,WI,104
20200322,WV,1
20200322,WY,1
20200321,AK,2
20200321,AL,43
20200321,AR,22
20200321,AS,0
20200321,AZ,39
20200321,CA,216
20200321,CO,86
20200321,CT,0
20200321,DC,6
20200321,DE,7
20200321,FL,138
20200321,GA,87
20200321,GU,1
20200321,HI,11
20200321,IA,23
20200321,ID,8
20200321,IL,168
20200321,IN,47
20200321,KS,11
20200321,KY,7
20200321,LA,107
20200321,MA,112
20200321,MD,41
20200321,ME,16
20200321,MI,516
20200321,MN,23
20200321,MO,26
20200321,MP,0
20200321,MS,60
20200321,MT,4
20200321,NC,47
20200321,ND,8
20200321,NE,6
20200321,NH,11
20200321,NJ,437
20200321,NM,14
20200321,NV,15
20200321,NY,3254
20200321,OH,78
20200321,OK,4
20200321,OR,0
20200321,PA,103
20200321,PR,7
20200321,RI,12
20200321,SC,71
20200321,SD,0
20200321,TN,143
20200321,TX,110
20200321,UT,24
20200321,VA,38
20200321,VI,3
20200321,VT,8
20200321,WA,194
20200321,WI,75
20200321,WV,4
20200321,WY,4
20200320,AK,6
20200320,AL,13
20200320,AR,50
20200320,AS,0
20200320,AZ,21
20200320,CA,139
20200320,CO,61
20200320,CT,98
20200320,DC,32
20200320,DE,8
20200320,FL,130
20200320,GA,133
20200320,GU,2
20200320,HI,10
20200320,IA,7
20200320,ID,12
20200320,IL,163
20200320,IN,23
20200320,KS,10
20200320,KY,12
20200320,LA,126
20200320,MA,85
20200320,MD,42
20200320,ME,4
20200320,MI,635
20200320,MN,26
20200320,MO,23
20200320,MP,0
20200320,MS,30
20200320,MT,4
20200320,NC,40
20200320,ND,5
20200320,NE,5
20200320,NH,5
20200320,NJ,148
20200320,NM,8
20200320,NV,14
20200320,NY,2950
20200320,OH,50
20200320,OK,5
20200320,OR,26
20200320,PA,83
20200320,PR,9
20200320,RI,10
20200320,SC,21
20200320,SD,3
20200320,TN,74
20200320,TX,51
20200320,UT,34
20200320,VA,20
20200320,VI,0
20200320,VT,16
20200320,WA,303
20200320,WI,51
20200320,WV,5
20200320,WY,1
20200319,AK,0
20200319,AL,22
20200319,AR,13
20200319,AS,0
20200319,AZ,16
20200319,CA,313
20200319,CO,33
20200319,CT,28
20200319,DC,8
20200319,DE,5
20200319,FL,76
20200319,GA,90
20200319,GU,4
20200319,HI,2
20200319,IA,9
20200319,ID,2
20200319,IL,134
20200319,IN,17
20200319,KS,18
20200319,KY,9
20200319,LA,107
20200319,MA,73
20200319,MD,22
20200319,ME,10
20200319,MI,479
20200319,MN,12
20200319,MO,11
20200319,MP,0
20200319,MS,16
20200319,MT,2
20200319,NC,34
20200319,ND,9
20200319,NE,3
20200319,NH,13
20200319,NJ,315
20200319,NM,7
20200319,NV,40
20200319,NY,1770
20200319,OH,31
20200319,OK,15
20200319,OR,13
20200319,PA,52
20200319,PR,0
20200319,RI,11
20200319,SC,0
20200319,SD,0
20200319,TN,56
20200319,TX,60
20200319,UT,15
20200319,VA,17
20200319,VI,1
20200319,VT,7
20200319,WA,332
20200319,WI,49
20200319,WV,1
20200319,WY,3
20200318,AK,3
20200318,AL,10
20200318,AR,11
20200318,AS,0
20200318,AZ,8
20200318,CA,128
20200318,CO,23
20200318,CT,27
20200318,DC,9
20200318,DE,9
20200318,FL,128
20200318,GA,51
20200318,GU,3
20200318,HI,4
20200318,IA,6
20200318,ID,2
20200318,IL,129
20200318,IN,9
20200318,KS,1
20200318,KY,4
20200318,LA,103
20200318,MA,38
20200318,MD,28
20200318,ME,11
20200318,MI,520
20200318,MN,17
20200318,MO,5
20200318,MP,0
20200318,MS,13
20200318,MT,2
20200318,NC,23
20200318,ND,3
20200318,NE,3
20200318,NH,9
20200318,NJ,160
20200318,NM,5
20200318,NV,0
20200318,NY,682
20200318,OH,21
20200318,OK,12
20200318,OR,28
20200318,PA,37
20200318,PR,0
20200318,RI,10
20200318,SC,27
20200318,SD,0
20200318,TN,25
20200318,TX,19
20200318,UT,12
20200318,VA,10
20200318,VI,0
20200318,VT,2
20200318,WA,289
20200318,WI,34
20200318,WV,1
20200318,WY,5
20200317,AK,2
20200317,AL,8
20200317,AR,0
20200317,AS,0
20200317,AZ,2
20200317,CA,148
20200317,CO,29
20200317,CT,15
20200317,DC,5
20200317,DE,8
20200317,FL,45
20200317,GA,25
20200317,GU,2
20200317,HI,3
20200317,IA,1
20200317,ID,2
20200317,IL,66
20200317,IN,6
20200317,KS,4
20200317,KY,1
20200317,LA,22
20200317,MA,21
20200317,MD,20
20200317,ME,15
20200317,MI,460
20200317,MN,6
20200317,MO,2
20200317,MP,0
20200317,MS,9
20200317,MT,1
20200317,NC,7
20200317,ND,2
20200317,NE,3
20200317,NH,4
20200317,NJ,89
20200317,NM,6
20200317,NV,10
20200317,NY,750
20200317,OH,17
20200317,OK,7
20200317,OR,8
20200317,PA,20
20200317,PR,0
20200317,RI,2
20200317,SC,5
20200317,SD,1
20200317,TN,21
20200317,TX,7
20200317,UT,12
20200317,VA,16
20200317,VI,1
20200317,VT,2
20200317,WA,263
20200317,WI,25
20200317,WV,0
20200317,WY,7
20200316,AK,0
20200316,AL,16
20200316,AR,6
20200316,AS,
20200316,AZ,6
20200316,CA,42
20200316,CO,0
20200316,CT,6
20200316,DC,1
20200316,DE,2
20200316,FL,25
20200316,GA,22
20200316,GU,
20200316,HI,5
20200316,IA,4
20200316,ID,0
20200316,IL,29
20200316,IN,5
20200316,KS,3
20200316,KY,5
20200316,LA,25
20200316,MA,33
20200316,MD,6
20200316,ME,14
20200316,MI,453
20200316,MN,19
20200316,MO,1
20200316,MP,
20200316,MS,2
20200316,MT,0
20200316,NC,1
20200316,ND,0
20200316,NE,1
20200316,NH,0
20200316,NJ,80
20200316,NM,4
20200316,NV,24
20200316,NY,221
20200316,OH,14
20200316,OK,1
20200316,OR,3
20200316,PA,13
20200316,PR,
20200316,RI,1
20200316,SC,9
20200316,SD,1
20200316,TN,13
20200316,TX,1
20200316,UT,11
20200316,VA,6
20200316,VI,
20200316,VT,5
20200316,WA,300
20200316,WI,14
20200316,WV,0
20200316,WY,0
20200315,AK,0
20200315,AL,6
20200315,AR,4
20200315,AZ,0
20200315,CA,41
20200315,CO,30
20200315,CT,9
20200315,DC,6
20200315,DE,0
20200315,FL,39
20200315,GA,33
20200315,HI,0
20200315,IA,1
20200315,ID,3
20200315,IL,18
20200315,IN,4
20200315,KS,2
20200315,KY,2
20200315,LA,39
20200315,MA,26
20200315,MD,5
20200315,ME,0
20200315,MI,284
20200315,MN,14
20200315,MO,1
20200315,MS,4
20200315,MT,2
20200315,NC,9
20200315,ND,0
20200315,NE,3
20200315,NH,6
20200315,NJ,48
20200315,NM,3
20200315,NV,1
20200315,NY,205
20200315,OH,23
20200315,OK,5
20200315,OR,6
20200315,PA,16
20200315,RI,0
20200315,SC,6
20200315,SD,0
20200315,TN,7
20200315,TX,5
20200315,UT,22
20200315,VA,15
20200315,VT,4
20200315,WA,106
20200315,WI,14
20200315,WV,0
20200315,WY,1
20200314,AK,0
20200314,AL,5
20200314,AR,3
20200314,AZ,3
20200314,CA,50
20200314,CO,29
20200314,CT,5
20200314,DC,0
20200314,DE,2
20200314,FL,27
20200314,GA,24
20200314,HI,0
20200314,IA,1
20200314,ID,2
20200314,IL,14
20200314,IN,3
20200314,KS,0
20200314,KY,3
20200314,LA,15
20200314,MA,15
20200314,MD,9
20200314,ME,0
20200314,MI,251
20200314,MN,7
20200314,MO,2
20200314,MS,2
20200314,MT,4
20200314,NC,8
20200314,ND,0
20200314,NE,1
20200314,NH,1
20200314,NJ,0
20200314,NM,0
20200314,NV,9
20200314,NY,103
20200314,OH,0
20200314,OK,1
20200314,OR,0
20200314,PA,6
20200314,RI,6
20200314,SC,1
20200314,SD,0
20200314,TN,6
20200314,TX,12
20200314,UT,0
20200314,VA,0
20200314,VT,3
20200314,WA,156
20200314,WI,0
20200314,WV,0
20200314,WY,1
20200313,AK,1
20200313,AL,1
20200313,AR,3
20200313,AZ,0
20200313,CA,0
20200313,CO,27
20200313,CT,0
20200313,DC,0
20200313,DE,0
20200313,FL,18
20200313,GA,11
20200313,HI,0
20200313,IA,2
20200313,ID,0
20200313,IL,7
20200313,IN,0
20200313,KS,2
20200313,KY,3
20200313,LA,22
20200313,MA,15
20200313,MD,5
20200313,ME,2
20200313,MI,243
20200313,MN,5
20200313,MO,1
20200313,MS,3
20200313,MT,0
20200313,NC,3
20200313,ND,0
20200313,NE,3
20200313,NH,0
20200313,NJ,20
20200313,NM,5
20200313,NV,4
20200313,NY,205
20200313,OH,8
20200313,OK,0
20200313,OR,11
20200313,PA,19
20200313,RI,9
20200313,SC,2
20200313,SD,1
20200313,TN,8
20200313,TX,16
20200313,UT,2
20200313,VA,13
20200313,VT,3
20200313,WA,216
20200313,WI,11
20200313,WV,0
20200313,WY,0
20200312,AK,0
20200312,AL,0
20200312,AR,6
20200312,AZ,0
20200312,CA,45
20200312,CO,17
20200312,CT,3
20200312,DC,5
20200312,DE,3
20200312,FL,4
20200312,GA,9
20200312,HI,0
20200312,IA,1
20200312,ID,0
20200312,IL,6
20200312,IN,2
20200312,KS,3
20200312,KY,0
20200312,LA,8
20200312,MA,
20200312,MD,3
20200312,ME,1
20200312,MI,205
20200312,MN,4
20200312,MO,0
20200312,MS,1
20200312,MT,1
20200312,NC,5
20200312,ND,1
20200312,NE,5
20200312,NH,2
20200312,NJ,6
20200312,NM,2
20200312,NV,2
20200312,NY,0
20200312,OH,1
20200312,OK,1
20200312,OR,0
20200312,PA,6
20200312,RI,0
20200312,SC,1
20200312,SD,3
20200312,TN,11
20200312,TX,2
20200312,UT,2
20200312,VA,8
20200312,VT,0
20200312,WA,178
20200312,WI,5
20200312,WV,0
20200312,WY,1
20200311,AK,0
20200311,AL,0
20200311,AR,0
20200311,AZ,3
20200311,CA,24
20200311,CO,16
20200311,CT,1
20200311,DC,0
20200311,DE,1
20200311,FL,9
20200311,GA,5
20200311,HI,0
20200311,IA,5
20200311,ID,0
20200311,IL,0
20200311,IN,4
20200311,KS,0
20200311,KY,2
20200311,LA,5
20200311,MD,3
20200311,ME,0
20200311,MI,139
20200311,MN,2
20200311,MO,0
20200311,MS,0
20200311,MT,0
20200311,NC,0
20200311,ND,0
20200311,NE,2
20200311,NH,0
20200311,NJ,9
20200311,NM,3
20200311,NV,4
20200311,NY,43
20200311,OH,1
20200311,OK,0
20200311,OR,4
20200311,PA,4
20200311,RI,2
20200311,SC,2
20200311,SD,5
20200311,TN,0
20200311,TX,8
20200311,UT,0
20200311,VA,1
20200311,VT,1
20200311,WA,133
20200311,WI,1
20200311,WV,0
20200311,WY,0
20200310,AK,0
20200310,AL,0
20200310,AR,0
20200310,AZ,1
20200310,CA,19
20200310,CO,3
20200310,CT,1
20200310,DC,4
20200310,DE,0
20200310,FL,1
20200310,GA,5
20200310,HI,0
20200310,IA,5
20200310,ID,0
20200310,IL,12
20200310,IN,4
20200310,KS,0
20200310,KY,2
20200310,LA,0
20200310,MD,1
20200310,ME,0
20200310,MI,104
20200310,MN,1
20200310,MO,0
20200310,MS,0
20200310,MT,0
20200310,NC,5
20200310,ND,0
20200310,NE,0
20200310,NH,0
20200310,NJ,4
20200310,NM,0
20200310,NV,0
20200310,NY,31
20200310,OH,0
20200310,OK,1
20200310,OR,1
20200310,PA,2
20200310,RI,0
20200310,SC,0
20200310,SD,0
20200310,TN,4
20200310,TX,1
20200310,UT,1
20200310,VA,5
20200310,VT,0
20200310,WA,110
20200310,WI,1
20200310,WV,0
20200310,WY,0
20200309,AK,0
20200309,AL,0
20200309,AR,0
20200309,AZ,0
20200309,CA,26
20200309,CO,1
20200309,CT,0
20200309,DC,0
20200309,DE,0
20200309,FL,1
20200309,GA,5
20200309,HI,1
20200309,IA,3
20200309,ID,0
20200309,IL,1
20200309,IN,0
20200309,KS,0
20200309,KY,3
20200309,LA,1
20200309,MD,2
20200309,ME,0
20200309,MI,86
20200309,MN,1
20200309,MO,0
20200309,MS,0
20200309,MT,0
20200309,NC,0
20200309,ND,0
20200309,NE,2
20200309,NH,0
20200309,NJ,5
20200309,NM,0
20200309,NV,0
20200309,NY,37
20200309,OH,3
20200309,OK,0
20200309,OR,0
20200309,PA,4
20200309,RI,0
20200309,SC,5
20200309,SD,0
20200309,TN,0
20200309,TX,4
20200309,UT,0
20200309,VA,1
20200309,VT,0
20200309,WA,61
20200309,WI,0
20200309,WV,0
20200309,WY,0
20200308,AK,0
20200308,AL,0
20200308,AR,0
20200308,AZ,0
20200308,CA,19
20200308,CO,0
20200308,CT,1
20200308,DC,1
20200308,DE,0
20200308,FL,3
20200308,GA,1
20200308,HI,0
20200308,IA,0
20200308,ID,0
20200308,IL,0
20200308,IN,1
20200308,KS,1
20200308,KY,0
20200308,LA,0
20200308,MD,0
20200308,ME,0
20200308,MI,40
20200308,MN,0
20200308,MO,1
20200308,MS,0
20200308,MT,0
20200308,NC,0
20200308,ND,0
20200308,NE,0
20200308,NH,2
20200308,NJ,2
20200308,NM,0
20200308,NV,0
20200308,NY,29
20200308,OH,0
20200308,OK,0
20200308,OR,7
20200308,PA,2
20200308,RI,1
20200308,SC,0
20200308,SD,0
20200308,TN,2
20200308,TX,0
20200308,UT,0
20200308,VA,2
20200308,VT,0
20200308,WA,61
20200308,WI,0
20200308,WV,0
20200308,WY,0
20200307,AK,0
20200307,AL,
20200307,AR,0
20200307,AZ,2
20200307,CA,9
20200307,CO,6
20200307,CT,
20200307,DC,0
20200307,DE,0
20200307,FL,5
20200307,GA,4
20200307,HI,
20200307,IA,0
20200307,ID,
20200307,IL,1
20200307,IN,0
20200307,KS,0
20200307,KY,1
20200307,LA,
20200307,MD,0
20200307,ME,
20200307,MI,30
20200307,MN,1
20200307,MO,
20200307,MS,
20200307,MT,
20200307,NC,0
20200307,ND,
20200307,NE,1
20200307,NH,0
20200307,NJ,3
20200307,NM,0
20200307,NV,0
20200307,NY,43
20200307,OH,0
20200307,OK,
20200307,OR,4
20200307,PA,2
20200307,RI,-1
20200307,SC,2
20200307,SD,
20200307,TN,0
20200307,TX,3
20200307,UT,
20200307,VA,0
20200307,VT,1
20200307,WA,38
20200307,WI,0
20200307,WV,0
20200307,WY,
20200306,AK,
20200306,AR,
20200306,AZ,1
20200306,CA,7
20200306,CO,2
20200306,DC,0
20200306,DE,
20200306,FL,0
20200306,GA,0
20200306,IA,
20200306,IL,0
20200306,IN,
20200306,KS,
20200306,KY,
20200306,MD,3
20200306,MI,26
20200306,MN,
20200306,NC,1
20200306,NE,0
20200306,NH,0
20200306,NJ,0
20200306,NM,
20200306,NV,0
20200306,NY,11
20200306,OH,0
20200306,OR,0
20200306,PA,
20200306,RI,1
20200306,SC,0
20200306,TN,0
20200306,TX,4
20200306,VA,0
20200306,VT,
20200306,WA,39
20200306,WI,0
20200306,WV,
20200305,AZ,0
20200305,CA,0
20200305,CO,
20200305,DC,
20200305,FL,7
20200305,GA,0
20200305,IL,1
20200305,MD,
20200305,MI,20
20200305,NC,0
20200305,NE,
20200305,NH,0
20200305,NJ,
20200305,NV,
20200305,NY,16
20200305,OH,
20200305,OR,0
20200305,RI,0
20200305,SC,0
20200305,TN,
20200305,TX,0
20200305,VA,
20200305,WA,51
20200305,WI,0
20200304,AZ,
20200304,CA,
20200304,FL,
20200304,GA,
20200304,IL,
20200304,MI,18
20200304,NC,
20200304,NH,
20200304,NY,
20200304,OR,
20200304,RI,0
20200304,SC,
20200304,TX,
20200304,WA,38
20200304,WI,
20200303,MI,16
20200303,RI,1
20200303,WA,25
20200302,MI,9
20200302,RI,0
20200302,WA,31
20200301,MI,
20200301,RI,
20200301,WA,16
20200229,WA,9
20200228,WA,7
20200227,WA,0
20200226,WA,0
20200225,WA,0
20200224,WA,0
20200223,WA,0
20200222,WA,0
20200221,WA,0
20200220,WA,0
20200219,WA,0
20200218,WA,0
20200217,WA,0
20200216,WA,0
20200215,WA,0
20200214,WA,0
20200213,WA,0
20200212,WA,0
20200211,WA,0
20200210,WA,0
20200209,WA,0
20200208,WA,0
20200207,WA,1
20200206,WA,0
20200205,WA,0
20200204,WA,0
20200203,WA,0
20200202,WA,0
20200201,WA,0
20200131,WA,0
20200130,WA,0
20200129,WA,0
20200128,WA,0
20200127,WA,0
20200126,WA,0
20200125,WA,0
20200124,WA,0
20200123,WA,0
20200122,WA,
